match_id,finalwhistle_first_half,finalwhistle_second_half,finalwhistle_unknown_section,finalwhistle_total,missing_first_half,missing_second_half,missing_any_half
DFL-MAT-J03WEL,True,True,0,2,False,False,False
DFL-MAT-J03WEM,True,True,0,2,False,False,False
DFL-MAT-J03WEN,True,True,0,2,False,False,False
DFL-MAT-J03WEO,True,True,0,2,False,False,False
DFL-MAT-J03WEP,True,True,0,2,False,False,False
DFL-MAT-J03WEQ,True,True,0,2,False,False,False
DFL-MAT-J03WER,True,True,0,2,False,False,False
DFL-MAT-J03WES,True,True,0,2,False,False,False
DFL-MAT-J03WET,True,True,0,2,False,False,False
DFL-MAT-J03WEU,True,True,0,2,False,False,False
DFL-MAT-J03WEV,True,True,0,2,False,False,False
DFL-MAT-J03WEW,True,True,0,2,False,False,False
DFL-MAT-J03WEX,True,True,0,2,False,False,False
DFL-MAT-J03WEY,True,True,0,2,False,False,False
DFL-MAT-J03WEZ,True,True,0,2,False,False,False
DFL-MAT-J03WF0,True,True,0,2,False,False,False
DFL-MAT-J03WF1,True,True,0,2,False,False,False
DFL-MAT-J03WF2,True,True,0,2,False,False,False
DFL-MAT-J03WF3,True,True,0,2,False,False,False
DFL-MAT-J03WF4,True,True,0,2,False,False,False
DFL-MAT-J03WF5,True,True,0,2,False,False,False
DFL-MAT-J03WF6,True,True,0,2,False,False,False
DFL-MAT-J03WF7,True,True,0,2,False,False,False
DFL-MAT-J03WF8,True,True,0,2,False,False,False
DFL-MAT-J03WF9,True,True,0,2,False,False,False
DFL-MAT-J03WFA,True,True,0,2,False,False,False
DFL-MAT-J03WFB,True,True,0,2,False,False,False
DFL-MAT-J03WFC,True,True,0,2,False,False,False
DFL-MAT-J03WFD,True,True,0,2,False,False,False
DFL-MAT-J03WFE,True,True,0,2,False,False,False
DFL-MAT-J03WFF,True,True,0,2,False,False,False
DFL-MAT-J03WFG,True,True,0,2,False,False,False
DFL-MAT-J03WFH,True,True,0,2,False,False,False
DFL-MAT-J03WFI,True,True,0,2,False,False,False
DFL-MAT-J03WFJ,True,True,0,2,False,False,False
DFL-MAT-J03WFK,True,True,0,2,False,False,False
DFL-MAT-J03WFL,True,True,0,2,False,False,False
DFL-MAT-J03WFM,True,True,0,2,False,False,False
DFL-MAT-J03WFN,True,True,0,2,False,False,False
DFL-MAT-J03WFO,True,True,0,2,False,False,False
DFL-MAT-J03WFP,True,True,0,2,False,False,False
DFL-MAT-J03WFQ,True,True,0,2,False,False,False
DFL-MAT-J03WFR,True,True,0,2,False,False,False
DFL-MAT-J03WFS,True,True,0,2,False,False,False
DFL-MAT-J03WFT,True,True,0,2,False,False,False
DFL-MAT-J03WFU,True,True,0,2,False,False,False
DFL-MAT-J03WFV,True,True,0,2,False,False,False
DFL-MAT-J03WFW,True,True,0,2,False,False,False
DFL-MAT-J03WFX,True,True,0,2,False,False,False
DFL-MAT-J03WFY,True,True,0,2,False,False,False
DFL-MAT-J03WFZ,True,True,0,2,False,False,False
DFL-MAT-J03WG0,True,True,0,2,False,False,False
DFL-MAT-J03WG1,True,True,0,2,False,False,False
DFL-MAT-J03WG2,True,True,0,2,False,False,False
DFL-MAT-J03WG3,True,True,0,2,False,False,False
DFL-MAT-J03WG4,True,True,0,2,False,False,False
DFL-MAT-J03WG5,True,True,0,2,False,False,False
DFL-MAT-J03WG6,True,True,0,2,False,False,False
DFL-MAT-J03WG7,True,True,0,2,False,False,False
DFL-MAT-J03WG8,True,True,0,2,False,False,False
DFL-MAT-J03WG9,True,True,0,2,False,False,False
DFL-MAT-J03WGA,True,True,0,2,False,False,False
DFL-MAT-J03WGB,True,True,0,2,False,False,False
DFL-MAT-J03WGC,True,True,0,2,False,False,False
DFL-MAT-J03WGD,True,True,0,2,False,False,False
DFL-MAT-J03WGE,True,True,0,2,False,False,False
DFL-MAT-J03WGF,True,True,0,2,False,False,False
DFL-MAT-J03WGG,True,True,0,2,False,False,False
DFL-MAT-J03WGH,True,True,0,2,False,False,False
DFL-MAT-J03WGI,True,True,0,2,False,False,False
DFL-MAT-J03WGJ,True,True,0,2,False,False,False
DFL-MAT-J03WGK,True,True,0,2,False,False,False
DFL-MAT-J03WGL,True,True,0,2,False,False,False
DFL-MAT-J03WGM,True,True,0,2,False,False,False
DFL-MAT-J03WGN,True,True,0,2,False,False,False
DFL-MAT-J03WGO,True,True,0,2,False,False,False
DFL-MAT-J03WGP,True,True,0,2,False,False,False
DFL-MAT-J03WGQ,True,True,0,2,False,False,False
DFL-MAT-J03WGR,True,True,0,2,False,False,False
DFL-MAT-J03WGS,True,True,0,2,False,False,False
DFL-MAT-J03WGT,True,True,0,2,False,False,False
DFL-MAT-J03WGU,True,True,0,2,False,False,False
DFL-MAT-J03WGV,True,True,0,2,False,False,False
DFL-MAT-J03WGW,True,True,0,2,False,False,False
DFL-MAT-J03WGX,True,True,0,2,False,False,False
DFL-MAT-J03WGY,True,True,0,2,False,False,False
DFL-MAT-J03WGZ,True,True,0,2,False,False,False
DFL-MAT-J03WH0,True,True,0,2,False,False,False
DFL-MAT-J03WH1,True,True,0,2,False,False,False
DFL-MAT-J03WH2,True,True,0,2,False,False,False
DFL-MAT-J03WH3,True,True,0,2,False,False,False
DFL-MAT-J03WH4,True,True,0,2,False,False,False
DFL-MAT-J03WH5,True,True,0,2,False,False,False
DFL-MAT-J03WH6,True,True,0,2,False,False,False
DFL-MAT-J03WH7,True,True,0,2,False,False,False
DFL-MAT-J03WH8,True,True,0,2,False,False,False
DFL-MAT-J03WH9,True,True,0,2,False,False,False
DFL-MAT-J03WHA,True,True,0,2,False,False,False
DFL-MAT-J03WHB,True,True,0,2,False,False,False
DFL-MAT-J03WHC,True,True,0,2,False,False,False
DFL-MAT-J03WHD,True,True,0,2,False,False,False
DFL-MAT-J03WHE,True,True,0,2,False,False,False
DFL-MAT-J03WHF,True,True,0,2,False,False,False
DFL-MAT-J03WHG,True,True,0,2,False,False,False
DFL-MAT-J03WHH,True,True,0,2,False,False,False
DFL-MAT-J03WHI,True,True,0,2,False,False,False
DFL-MAT-J03WHJ,True,True,0,2,False,False,False
DFL-MAT-J03WHK,True,True,0,2,False,False,False
DFL-MAT-J03WHL,True,True,0,2,False,False,False
DFL-MAT-J03WHM,True,True,0,2,False,False,False
DFL-MAT-J03WHN,True,True,0,2,False,False,False
DFL-MAT-J03WHO,True,True,0,2,False,False,False
DFL-MAT-J03WHP,True,True,0,2,False,False,False
DFL-MAT-J03WHQ,True,True,0,2,False,False,False
DFL-MAT-J03WHR,True,True,0,2,False,False,False
DFL-MAT-J03WHS,True,True,0,2,False,False,False
DFL-MAT-J03WHT,True,True,0,2,False,False,False
DFL-MAT-J03WHU,True,True,0,2,False,False,False
DFL-MAT-J03WHV,True,True,0,2,False,False,False
DFL-MAT-J03WHW,True,True,0,2,False,False,False
DFL-MAT-J03WHX,True,True,0,2,False,False,False
DFL-MAT-J03WHY,True,True,0,2,False,False,False
DFL-MAT-J03WHZ,True,True,0,2,False,False,False
DFL-MAT-J03WI0,True,True,0,2,False,False,False
DFL-MAT-J03WI1,True,True,0,2,False,False,False
DFL-MAT-J03WI2,True,True,0,2,False,False,False
DFL-MAT-J03WI3,True,True,0,2,False,False,False
DFL-MAT-J03WI4,True,True,0,2,False,False,False
DFL-MAT-J03WI5,True,True,0,2,False,False,False
DFL-MAT-J03WI6,True,True,0,2,False,False,False
DFL-MAT-J03WI7,True,True,0,2,False,False,False
DFL-MAT-J03WI8,True,True,0,2,False,False,False
DFL-MAT-J03WI9,True,True,0,2,False,False,False
DFL-MAT-J03WIA,True,True,0,2,False,False,False
DFL-MAT-J03WIB,True,True,0,2,False,False,False
DFL-MAT-J03WIC,True,True,0,2,False,False,False
DFL-MAT-J03WID,True,True,0,2,False,False,False
DFL-MAT-J03WIE,True,True,0,2,False,False,False
DFL-MAT-J03WIF,True,True,0,2,False,False,False
DFL-MAT-J03WIG,True,True,0,2,False,False,False
DFL-MAT-J03WIH,True,True,0,2,False,False,False
DFL-MAT-J03WII,True,True,0,2,False,False,False
DFL-MAT-J03WIJ,True,True,0,2,False,False,False
DFL-MAT-J03WIK,True,True,0,2,False,False,False
DFL-MAT-J03WIL,True,True,0,2,False,False,False
DFL-MAT-J03WIM,True,True,0,2,False,False,False
DFL-MAT-J03WIN,True,True,0,2,False,False,False
DFL-MAT-J03WIO,True,True,0,2,False,False,False
DFL-MAT-J03WIP,True,True,0,2,False,False,False
DFL-MAT-J03WIQ,True,True,0,2,False,False,False
DFL-MAT-J03WIR,True,True,0,2,False,False,False
DFL-MAT-J03WIS,True,True,0,2,False,False,False
DFL-MAT-J03WIT,True,True,0,2,False,False,False
DFL-MAT-J03WIU,True,True,0,2,False,False,False
DFL-MAT-J03WIV,True,True,0,2,False,False,False
DFL-MAT-J03WIW,True,True,0,2,False,False,False
DFL-MAT-J03WIX,True,True,0,2,False,False,False
DFL-MAT-J03WIY,True,True,0,2,False,False,False
DFL-MAT-J03WIZ,True,True,0,2,False,False,False
DFL-MAT-J03WJ0,True,True,0,2,False,False,False
DFL-MAT-J03WJ1,True,True,0,2,False,False,False
DFL-MAT-J03WJ2,True,True,0,2,False,False,False
DFL-MAT-J03WJ3,True,True,0,2,False,False,False
DFL-MAT-J03WJ4,True,True,0,2,False,False,False
DFL-MAT-J03WJ5,True,True,0,2,False,False,False
DFL-MAT-J03WJ6,True,True,0,2,False,False,False
DFL-MAT-J03WJ7,True,True,0,2,False,False,False
DFL-MAT-J03WJ8,True,True,0,2,False,False,False
DFL-MAT-J03WJ9,True,True,0,2,False,False,False
DFL-MAT-J03WJA,True,True,0,2,False,False,False
DFL-MAT-J03WJB,True,True,0,2,False,False,False
DFL-MAT-J03WJC,True,True,0,2,False,False,False
DFL-MAT-J03WJD,True,True,0,2,False,False,False
DFL-MAT-J03WJE,True,True,0,2,False,False,False
DFL-MAT-J03WJF,True,True,0,2,False,False,False
DFL-MAT-J03WJG,True,True,0,2,False,False,False
DFL-MAT-J03WJH,True,True,0,2,False,False,False
DFL-MAT-J03WJI,True,True,0,2,False,False,False
DFL-MAT-J03WJJ,True,True,0,2,False,False,False
DFL-MAT-J03WJK,True,True,0,2,False,False,False
DFL-MAT-J03WJL,True,True,0,2,False,False,False
DFL-MAT-J03WJM,True,True,0,2,False,False,False
DFL-MAT-J03WJN,True,True,0,2,False,False,False
DFL-MAT-J03WJO,True,True,0,2,False,False,False
DFL-MAT-J03WJP,True,True,0,2,False,False,False
DFL-MAT-J03WJQ,True,True,0,2,False,False,False
DFL-MAT-J03WJR,True,True,0,2,False,False,False
DFL-MAT-J03WJS,True,True,0,2,False,False,False
DFL-MAT-J03WJT,True,True,0,2,False,False,False
DFL-MAT-J03WJU,True,True,0,2,False,False,False
DFL-MAT-J03WJV,True,True,0,2,False,False,False
DFL-MAT-J03WJW,True,True,0,2,False,False,False
DFL-MAT-J03WJX,True,True,0,2,False,False,False
DFL-MAT-J03WJY,True,True,0,2,False,False,False
DFL-MAT-J03WJZ,True,True,0,2,False,False,False
DFL-MAT-J03WK0,True,True,0,2,False,False,False
DFL-MAT-J03WK1,True,True,0,2,False,False,False
DFL-MAT-J03WK2,True,True,0,2,False,False,False
DFL-MAT-J03WK3,True,True,0,2,False,False,False
DFL-MAT-J03WK4,True,True,0,2,False,False,False
DFL-MAT-J03WK5,True,True,0,2,False,False,False
DFL-MAT-J03WK6,True,True,0,2,False,False,False
DFL-MAT-J03WK7,True,True,0,2,False,False,False
DFL-MAT-J03WK8,True,True,0,2,False,False,False
DFL-MAT-J03WK9,True,True,0,2,False,False,False
DFL-MAT-J03WKA,True,True,0,2,False,False,False
DFL-MAT-J03WKB,True,True,0,2,False,False,False
DFL-MAT-J03WKC,True,True,0,2,False,False,False
DFL-MAT-J03WKD,True,True,0,2,False,False,False
DFL-MAT-J03WKE,True,True,0,2,False,False,False
DFL-MAT-J03WKF,True,True,0,2,False,False,False
DFL-MAT-J03WKG,True,True,0,2,False,False,False
DFL-MAT-J03WKH,True,True,0,2,False,False,False
DFL-MAT-J03WKI,True,True,0,2,False,False,False
DFL-MAT-J03WKJ,True,True,0,2,False,False,False
DFL-MAT-J03WKK,True,True,0,2,False,False,False
DFL-MAT-J03WKL,True,True,0,2,False,False,False
DFL-MAT-J03WKM,True,True,0,2,False,False,False
DFL-MAT-J03WKN,True,True,0,2,False,False,False
DFL-MAT-J03WKO,True,True,0,2,False,False,False
DFL-MAT-J03WKP,True,True,0,2,False,False,False
DFL-MAT-J03WKQ,True,True,0,2,False,False,False
DFL-MAT-J03WKR,True,True,0,2,False,False,False
DFL-MAT-J03WKS,True,True,0,2,False,False,False
DFL-MAT-J03WKT,True,True,0,2,False,False,False
DFL-MAT-J03WKU,True,True,0,2,False,False,False
DFL-MAT-J03WKV,True,True,0,2,False,False,False
DFL-MAT-J03WKW,True,True,0,2,False,False,False
DFL-MAT-J03WKX,True,True,0,2,False,False,False
DFL-MAT-J03WKY,True,True,0,2,False,False,False
DFL-MAT-J03WKZ,True,True,0,2,False,False,False
DFL-MAT-J03WL0,True,True,0,2,False,False,False
DFL-MAT-J03WL1,True,True,0,2,False,False,False
DFL-MAT-J03WL2,True,True,0,2,False,False,False
DFL-MAT-J03WL3,True,True,0,2,False,False,False
DFL-MAT-J03WL4,True,True,0,2,False,False,False
DFL-MAT-J03WL5,True,True,0,2,False,False,False
DFL-MAT-J03WL6,True,True,0,2,False,False,False
DFL-MAT-J03WL7,True,True,0,2,False,False,False
DFL-MAT-J03WL8,True,True,0,2,False,False,False
DFL-MAT-J03WL9,True,True,0,2,False,False,False
DFL-MAT-J03WLA,True,True,0,2,False,False,False
DFL-MAT-J03WLB,True,True,0,2,False,False,False
DFL-MAT-J03WLC,True,True,0,2,False,False,False
DFL-MAT-J03WLD,True,True,0,2,False,False,False
DFL-MAT-J03WLE,True,True,0,2,False,False,False
DFL-MAT-J03WLF,True,True,0,2,False,False,False
DFL-MAT-J03WLG,True,True,0,2,False,False,False
DFL-MAT-J03WLH,True,True,0,2,False,False,False
DFL-MAT-J03WLI,True,True,0,2,False,False,False
DFL-MAT-J03WLJ,True,True,0,2,False,False,False
DFL-MAT-J03WLK,True,True,0,2,False,False,False
DFL-MAT-J03WLL,True,True,0,2,False,False,False
DFL-MAT-J03WLM,True,True,0,2,False,False,False
DFL-MAT-J03WLN,True,True,0,2,False,False,False
DFL-MAT-J03WLO,True,True,0,2,False,False,False
DFL-MAT-J03WLP,True,True,0,2,False,False,False
DFL-MAT-J03WLQ,True,True,0,2,False,False,False
DFL-MAT-J03WLR,True,True,0,2,False,False,False
DFL-MAT-J03WLS,True,True,0,2,False,False,False
DFL-MAT-J03WLT,True,True,0,2,False,False,False
DFL-MAT-J03WLU,True,True,0,2,False,False,False
DFL-MAT-J03WLV,True,True,0,2,False,False,False
DFL-MAT-J03WLW,True,True,0,2,False,False,False
DFL-MAT-J03WLX,True,True,0,2,False,False,False
DFL-MAT-J03WLY,True,True,0,2,False,False,False
DFL-MAT-J03WLZ,True,True,0,2,False,False,False
DFL-MAT-J03WM0,True,True,0,2,False,False,False
DFL-MAT-J03WM1,True,True,0,2,False,False,False
DFL-MAT-J03WM2,True,True,0,2,False,False,False
DFL-MAT-J03WM3,True,True,0,2,False,False,False
DFL-MAT-J03WM4,True,True,0,2,False,False,False
DFL-MAT-J03WM5,True,True,0,2,False,False,False
DFL-MAT-J03WM6,True,True,0,2,False,False,False
DFL-MAT-J03WM7,True,True,0,2,False,False,False
DFL-MAT-J03WM8,True,True,0,2,False,False,False
DFL-MAT-J03WM9,True,True,0,2,False,False,False
DFL-MAT-J03WMA,True,True,0,2,False,False,False
DFL-MAT-J03WMB,True,True,0,2,False,False,False
DFL-MAT-J03WMC,True,True,0,2,False,False,False
DFL-MAT-J03WMD,True,True,0,2,False,False,False
DFL-MAT-J03WME,True,True,0,2,False,False,False
DFL-MAT-J03WMF,True,True,0,2,False,False,False
DFL-MAT-J03WMG,True,True,0,2,False,False,False
DFL-MAT-J03WMH,True,True,0,2,False,False,False
DFL-MAT-J03WMI,True,True,0,2,False,False,False
DFL-MAT-J03WMJ,True,True,0,2,False,False,False
DFL-MAT-J03WMK,True,True,0,2,False,False,False
DFL-MAT-J03WML,True,True,0,2,False,False,False
DFL-MAT-J03WMM,True,True,0,2,False,False,False
DFL-MAT-J03WMN,True,True,0,2,False,False,False
DFL-MAT-J03WMO,True,True,0,2,False,False,False
DFL-MAT-J03WMP,True,True,0,2,False,False,False
DFL-MAT-J03WMQ,True,True,0,2,False,False,False
DFL-MAT-J03WMR,True,True,0,2,False,False,False
DFL-MAT-J03WMS,True,True,0,2,False,False,False
DFL-MAT-J03WMT,True,True,0,2,False,False,False
DFL-MAT-J03WMU,True,True,0,2,False,False,False
DFL-MAT-J03WMV,True,True,0,2,False,False,False
DFL-MAT-J03WMW,True,True,0,2,False,False,False
DFL-MAT-J03WMX,True,True,0,2,False,False,False
DFL-MAT-J03WMY,True,True,0,2,False,False,False
DFL-MAT-J03WMZ,True,True,0,2,False,False,False
DFL-MAT-J03WN0,True,True,0,2,False,False,False
DFL-MAT-J03WN1,True,True,0,2,False,False,False
DFL-MAT-J03WN2,True,True,0,2,False,False,False
DFL-MAT-J03WN3,True,True,0,2,False,False,False
DFL-MAT-J03WN4,True,True,0,2,False,False,False
DFL-MAT-J03WN5,True,True,0,2,False,False,False
DFL-MAT-J03WN6,True,True,0,2,False,False,False
DFL-MAT-J03WN7,True,True,0,2,False,False,False
DFL-MAT-J03WN8,True,True,0,2,False,False,False
DFL-MAT-J03WN9,True,True,0,2,False,False,False
DFL-MAT-J03WNA,True,True,0,2,False,False,False
DFL-MAT-J03WNB,True,True,0,2,False,False,False
DFL-MAT-J03WNC,True,True,0,2,False,False,False
DFL-MAT-J03WND,True,True,0,2,False,False,False
DFL-MAT-J03WNE,True,True,0,2,False,False,False
DFL-MAT-J03WNF,True,True,0,2,False,False,False
DFL-MAT-J03WNG,True,True,0,2,False,False,False
DFL-MAT-J03WNH,True,True,0,2,False,False,False
DFL-MAT-J03WNI,True,True,0,2,False,False,False
DFL-MAT-J03WNJ,True,True,0,2,False,False,False
DFL-MAT-J03WNK,True,True,0,2,False,False,False
DFL-MAT-J03WNL,True,True,0,2,False,False,False
DFL-MAT-J03WNM,True,True,0,2,False,False,False
DFL-MAT-J03WNN,True,True,0,2,False,False,False
DFL-MAT-J03WNO,True,True,0,2,False,False,False
DFL-MAT-J03WNP,True,True,0,2,False,False,False
DFL-MAT-J03WNQ,True,True,0,2,False,False,False
DFL-MAT-J03WNR,True,True,0,2,False,False,False
DFL-MAT-J03WNS,True,True,0,2,False,False,False
DFL-MAT-J03WNT,True,True,0,2,False,False,False
DFL-MAT-J03WNU,True,True,0,2,False,False,False
DFL-MAT-J03WNV,True,True,0,2,False,False,False
DFL-MAT-J03WNW,True,True,0,2,False,False,False
DFL-MAT-J03WNX,True,True,0,2,False,False,False
DFL-MAT-J03WNY,True,True,0,2,False,False,False
DFL-MAT-J03WNZ,True,True,0,2,False,False,False
DFL-MAT-J03WO0,True,True,0,2,False,False,False
DFL-MAT-J03WO1,True,True,0,2,False,False,False
DFL-MAT-J03WO2,True,True,0,2,False,False,False
DFL-MAT-J03WO3,True,True,0,2,False,False,False
DFL-MAT-J03WO4,True,True,0,2,False,False,False
DFL-MAT-J03WO5,True,True,0,2,False,False,False
DFL-MAT-J03WO6,True,True,0,2,False,False,False
DFL-MAT-J03WO7,True,True,0,2,False,False,False
DFL-MAT-J03WO8,True,True,0,2,False,False,False
DFL-MAT-J03WO9,True,True,0,2,False,False,False
DFL-MAT-J03WOA,True,True,0,2,False,False,False
DFL-MAT-J03WOB,True,True,0,2,False,False,False
DFL-MAT-J03WOC,True,True,0,2,False,False,False
DFL-MAT-J03WOD,True,True,0,2,False,False,False
DFL-MAT-J03WOE,True,True,0,2,False,False,False
DFL-MAT-J03WOF,True,True,0,2,False,False,False
DFL-MAT-J03WOG,True,True,0,2,False,False,False
DFL-MAT-J03WOH,True,True,0,2,False,False,False
DFL-MAT-J03WOI,True,True,0,2,False,False,False
DFL-MAT-J03WOJ,True,True,0,2,False,False,False
DFL-MAT-J03WOK,True,True,0,2,False,False,False
DFL-MAT-J03WOL,True,True,0,2,False,False,False
DFL-MAT-J03WOM,True,True,0,2,False,False,False
DFL-MAT-J03WON,True,True,0,2,False,False,False
DFL-MAT-J03WOO,True,True,0,2,False,False,False
DFL-MAT-J03WOP,True,True,0,2,False,False,False
DFL-MAT-J03WOQ,True,True,0,2,False,False,False
DFL-MAT-J03WOR,True,True,0,2,False,False,False
DFL-MAT-J03WOS,True,True,0,2,False,False,False
DFL-MAT-J03WOT,True,True,0,2,False,False,False
DFL-MAT-J03WOU,True,True,0,2,False,False,False
DFL-MAT-J03WOV,True,True,0,2,False,False,False
DFL-MAT-J03WOW,True,True,0,2,False,False,False
DFL-MAT-J03WOX,True,True,0,2,False,False,False
DFL-MAT-J03WOY,True,True,0,2,False,False,False
DFL-MAT-J03WOZ,True,True,0,2,False,False,False
DFL-MAT-J03WP0,True,True,0,2,False,False,False
DFL-MAT-J03WP1,True,True,0,2,False,False,False
DFL-MAT-J03WP2,True,True,0,2,False,False,False
DFL-MAT-J03WP3,True,True,0,2,False,False,False
DFL-MAT-J03WP4,True,True,0,2,False,False,False
DFL-MAT-J03WP5,True,True,0,2,False,False,False
DFL-MAT-J03WP6,True,True,0,2,False,False,False
DFL-MAT-J03WP7,True,True,0,2,False,False,False
DFL-MAT-J03WP8,True,True,0,2,False,False,False
DFL-MAT-J03WP9,True,True,0,2,False,False,False
DFL-MAT-J03WPA,True,True,0,2,False,False,False
DFL-MAT-J03WPB,True,True,0,2,False,False,False
DFL-MAT-J03WPC,True,True,0,2,False,False,False
DFL-MAT-J03WPD,True,True,0,2,False,False,False
DFL-MAT-J03WPE,True,True,0,2,False,False,False
DFL-MAT-J03WPF,True,True,0,2,False,False,False
DFL-MAT-J03WPG,True,True,0,2,False,False,False
DFL-MAT-J03WPH,True,True,0,2,False,False,False
DFL-MAT-J03WPI,True,True,0,2,False,False,False
DFL-MAT-J03WPJ,True,True,0,2,False,False,False
DFL-MAT-J03WPK,True,True,0,2,False,False,False
DFL-MAT-J03WPL,True,True,0,2,False,False,False
DFL-MAT-J03WPM,True,True,0,2,False,False,False
DFL-MAT-J03WPN,True,True,0,2,False,False,False
DFL-MAT-J03WPO,True,True,0,2,False,False,False
DFL-MAT-J03WPP,True,True,0,2,False,False,False
DFL-MAT-J03WPQ,True,True,0,2,False,False,False
DFL-MAT-J03WPR,True,True,0,2,False,False,False
DFL-MAT-J03WPS,True,True,0,2,False,False,False
DFL-MAT-J03WPT,True,True,0,2,False,False,False
DFL-MAT-J03WPU,True,True,0,2,False,False,False
DFL-MAT-J03WPV,True,True,0,2,False,False,False
DFL-MAT-J03WPW,True,True,0,2,False,False,False
DFL-MAT-J03WPX,True,True,0,2,False,False,False
DFL-MAT-J03WPY,True,True,0,2,False,False,False
DFL-MAT-J03WPZ,True,True,0,2,False,False,False
DFL-MAT-J03WQ0,True,True,0,2,False,False,False
DFL-MAT-J03WQ1,True,True,0,2,False,False,False
DFL-MAT-J03WQ2,True,True,0,2,False,False,False
DFL-MAT-J03WQ3,True,True,0,2,False,False,False
DFL-MAT-J03WQ4,True,True,0,2,False,False,False
DFL-MAT-J03WQ5,True,True,0,2,False,False,False
DFL-MAT-J03WQ6,True,True,0,2,False,False,False
DFL-MAT-J03WQ7,True,True,0,2,False,False,False
DFL-MAT-J03WQ8,True,True,0,2,False,False,False
DFL-MAT-J03WQ9,True,True,0,2,False,False,False
DFL-MAT-J03WQA,True,True,0,2,False,False,False
DFL-MAT-J03WQB,True,True,0,2,False,False,False
DFL-MAT-J03WQC,True,True,0,2,False,False,False
DFL-MAT-J03WQD,True,True,0,2,False,False,False
DFL-MAT-J03WQE,True,True,0,2,False,False,False
DFL-MAT-J03WQF,True,True,0,2,False,False,False
DFL-MAT-J03WQG,True,True,0,2,False,False,False
DFL-MAT-J03WQH,True,True,0,2,False,False,False
DFL-MAT-J03WQI,True,True,0,2,False,False,False
DFL-MAT-J03WQJ,True,True,0,2,False,False,False
DFL-MAT-J03WQK,True,True,0,2,False,False,False
DFL-MAT-J03WQL,True,True,0,2,False,False,False
DFL-MAT-J03WQM,True,True,0,2,False,False,False
DFL-MAT-J03WQN,True,True,0,2,False,False,False
DFL-MAT-J03WQO,True,True,0,2,False,False,False
DFL-MAT-J03WQP,True,True,0,2,False,False,False
DFL-MAT-J03WQQ,True,True,0,2,False,False,False
DFL-MAT-J03WQR,True,True,0,2,False,False,False
DFL-MAT-J03WQS,True,True,0,2,False,False,False
DFL-MAT-J03WQT,True,True,0,2,False,False,False
DFL-MAT-J03WQU,True,True,0,2,False,False,False
DFL-MAT-J03WQV,True,True,0,2,False,False,False
DFL-MAT-J03WQW,True,True,0,2,False,False,False
DFL-MAT-J03WQX,True,True,0,2,False,False,False
DFL-MAT-J03WQY,True,True,0,2,False,False,False
DFL-MAT-J03WQZ,True,True,0,2,False,False,False
DFL-MAT-J03WR0,True,True,0,2,False,False,False
DFL-MAT-J03WR1,True,True,0,2,False,False,False
DFL-MAT-J03WR2,True,True,0,2,False,False,False
DFL-MAT-J03WR3,True,True,0,2,False,False,False
DFL-MAT-J03WR4,True,True,0,2,False,False,False
DFL-MAT-J03WR5,True,True,0,2,False,False,False
DFL-MAT-J03WR6,True,True,0,2,False,False,False
DFL-MAT-J03WR7,True,True,0,2,False,False,False
DFL-MAT-J03WR8,True,True,0,2,False,False,False
DFL-MAT-J03WR9,True,True,0,2,False,False,False
DFL-MAT-J03WRA,True,True,0,2,False,False,False
DFL-MAT-J03WRB,True,True,0,2,False,False,False
DFL-MAT-J03WRC,True,True,0,2,False,False,False
DFL-MAT-J03WRD,True,True,0,2,False,False,False
DFL-MAT-J03WRE,True,True,0,2,False,False,False
DFL-MAT-J03WRF,True,True,0,2,False,False,False
DFL-MAT-J03WRG,True,True,0,2,False,False,False
DFL-MAT-J03WRH,True,True,0,2,False,False,False
DFL-MAT-J03WRI,True,True,0,2,False,False,False
DFL-MAT-J03WRJ,True,True,0,2,False,False,False
DFL-MAT-J03WRK,True,True,0,2,False,False,False
DFL-MAT-J03WRL,True,True,0,2,False,False,False
DFL-MAT-J03WRM,True,True,0,2,False,False,False
DFL-MAT-J03WRN,True,True,0,2,False,False,False
DFL-MAT-J03WRO,True,True,0,2,False,False,False
DFL-MAT-J03WRP,True,True,0,2,False,False,False
DFL-MAT-J03WRQ,True,True,0,2,False,False,False
DFL-MAT-J03WRR,True,True,0,2,False,False,False
DFL-MAT-J03WRS,True,True,0,2,False,False,False
DFL-MAT-J03WRT,True,True,0,2,False,False,False
DFL-MAT-J03WRU,True,True,0,2,False,False,False
DFL-MAT-J03WRV,True,True,0,2,False,False,False
DFL-MAT-J03WRW,True,True,0,2,False,False,False
DFL-MAT-J03WRX,True,True,0,2,False,False,False
DFL-MAT-J03WRY,True,True,0,2,False,False,False
DFL-MAT-J03WRZ,True,True,0,2,False,False,False
DFL-MAT-J03WS0,True,True,0,2,False,False,False
DFL-MAT-J03WS1,True,True,0,2,False,False,False
DFL-MAT-J03WS2,True,True,0,2,False,False,False
DFL-MAT-J03WS3,True,True,0,2,False,False,False
DFL-MAT-J03WS4,True,True,0,2,False,False,False
DFL-MAT-J03WS5,True,True,0,2,False,False,False
DFL-MAT-J03WS6,True,True,0,2,False,False,False
DFL-MAT-J03WS7,True,True,0,2,False,False,False
DFL-MAT-J03WS8,True,True,0,2,False,False,False
DFL-MAT-J03WS9,True,True,0,2,False,False,False
DFL-MAT-J03WSA,True,True,0,2,False,False,False
DFL-MAT-J03WSB,True,True,0,2,False,False,False
DFL-MAT-J03WSC,True,True,0,2,False,False,False
DFL-MAT-J03WSD,True,True,0,2,False,False,False
DFL-MAT-J03WSE,True,True,0,2,False,False,False
DFL-MAT-J03WSF,True,True,0,2,False,False,False
DFL-MAT-J03WSG,True,True,0,2,False,False,False
DFL-MAT-J03WSH,True,True,0,2,False,False,False
DFL-MAT-J03WSI,True,True,0,2,False,False,False
DFL-MAT-J03WSJ,True,True,0,2,False,False,False
DFL-MAT-J03WSK,True,True,0,2,False,False,False
DFL-MAT-J03WSL,True,True,0,2,False,False,False
DFL-MAT-J03WSM,True,True,0,2,False,False,False
DFL-MAT-J03WSN,True,True,0,2,False,False,False
DFL-MAT-J03WSO,True,True,0,2,False,False,False
DFL-MAT-J03WSP,True,True,0,2,False,False,False
DFL-MAT-J03WSQ,True,True,0,2,False,False,False
DFL-MAT-J03WSR,True,True,0,2,False,False,False
DFL-MAT-J03WSS,True,True,0,2,False,False,False
DFL-MAT-J03WST,True,True,0,2,False,False,False
DFL-MAT-J03WSU,True,True,0,2,False,False,False
DFL-MAT-J03WSV,True,True,0,2,False,False,False
DFL-MAT-J03WSW,True,True,0,2,False,False,False
DFL-MAT-J03WSX,True,True,0,2,False,False,False
DFL-MAT-J03WSY,True,True,0,2,False,False,False
DFL-MAT-J03WSZ,True,True,0,2,False,False,False
DFL-MAT-J03WT0,True,True,0,2,False,False,False
DFL-MAT-J03WT1,True,True,0,2,False,False,False
DFL-MAT-J03WT2,True,True,0,2,False,False,False
DFL-MAT-J03WT3,True,True,0,2,False,False,False
DFL-MAT-J03WT4,True,True,0,2,False,False,False
DFL-MAT-J03WT5,True,True,0,2,False,False,False
DFL-MAT-J03WT6,True,True,0,2,False,False,False
DFL-MAT-J03WT7,True,True,0,2,False,False,False
DFL-MAT-J03WT8,True,True,0,2,False,False,False
DFL-MAT-J03WT9,True,True,0,2,False,False,False
DFL-MAT-J03WTA,True,True,0,2,False,False,False
DFL-MAT-J03WTB,True,True,0,2,False,False,False
DFL-MAT-J03WTC,True,True,0,2,False,False,False
DFL-MAT-J03WTD,True,True,0,2,False,False,False
DFL-MAT-J03WTE,True,True,0,2,False,False,False
DFL-MAT-J03WTF,True,True,0,2,False,False,False
DFL-MAT-J03WTG,True,True,0,2,False,False,False
DFL-MAT-J03WTH,True,True,0,2,False,False,False
DFL-MAT-J03WTI,True,True,0,2,False,False,False
DFL-MAT-J03WTJ,True,True,0,2,False,False,False
DFL-MAT-J03WTK,True,True,0,2,False,False,False
DFL-MAT-J03WTL,True,True,0,2,False,False,False
DFL-MAT-J03WTM,True,True,0,2,False,False,False
DFL-MAT-J03WTN,True,True,0,2,False,False,False
DFL-MAT-J03WTO,True,True,0,2,False,False,False
DFL-MAT-J03WTP,True,True,0,2,False,False,False
DFL-MAT-J03WTQ,True,True,0,2,False,False,False
DFL-MAT-J03WTR,True,True,0,2,False,False,False
DFL-MAT-J03WTS,True,True,0,2,False,False,False
DFL-MAT-J03WTT,True,True,0,2,False,False,False
DFL-MAT-J03WTU,True,True,0,2,False,False,False
DFL-MAT-J03WTV,True,True,0,2,False,False,False
DFL-MAT-J03WTW,True,True,0,2,False,False,False
DFL-MAT-J03WTX,True,True,0,2,False,False,False
DFL-MAT-J03WTY,True,True,0,2,False,False,False
DFL-MAT-J03WTZ,True,True,0,2,False,False,False
DFL-MAT-J03WU0,True,True,0,2,False,False,False
DFL-MAT-J03WU1,True,True,0,2,False,False,False
DFL-MAT-J03WU2,True,True,0,2,False,False,False
DFL-MAT-J03WU3,True,True,0,2,False,False,False
DFL-MAT-J03WU4,True,True,0,2,False,False,False
DFL-MAT-J03WU5,True,True,0,2,False,False,False
DFL-MAT-J03WU6,True,True,0,2,False,False,False
DFL-MAT-J03WU7,True,True,0,2,False,False,False
DFL-MAT-J03WU8,True,True,0,2,False,False,False
DFL-MAT-J03WU9,True,True,0,2,False,False,False
DFL-MAT-J03WUA,True,True,0,2,False,False,False
DFL-MAT-J03WUB,True,True,0,2,False,False,False
DFL-MAT-J03WUC,True,True,0,2,False,False,False
DFL-MAT-J03WUD,True,True,0,2,False,False,False
DFL-MAT-J03WUE,True,True,0,2,False,False,False
DFL-MAT-J03WUF,True,True,0,2,False,False,False
DFL-MAT-J03WUG,True,True,0,2,False,False,False
DFL-MAT-J03WUH,True,True,0,2,False,False,False
DFL-MAT-J03WUI,True,True,0,2,False,False,False
DFL-MAT-J03WUJ,True,True,0,2,False,False,False
DFL-MAT-J03WUK,True,True,0,2,False,False,False
DFL-MAT-J03WUL,True,True,0,2,False,False,False
DFL-MAT-J03WUM,True,True,0,2,False,False,False
DFL-MAT-J03WUN,True,True,0,2,False,False,False
DFL-MAT-J03WUO,True,True,0,2,False,False,False
DFL-MAT-J03WUP,True,True,0,2,False,False,False
DFL-MAT-J03WUQ,True,True,0,2,False,False,False
DFL-MAT-J03WUR,True,True,0,2,False,False,False
DFL-MAT-J03WUS,True,True,0,2,False,False,False
DFL-MAT-J03WUT,True,True,0,2,False,False,False
DFL-MAT-J03WUU,True,True,0,2,False,False,False
DFL-MAT-J03WUV,True,True,0,2,False,False,False
DFL-MAT-J03WUW,True,True,0,2,False,False,False
DFL-MAT-J03WUX,True,True,0,2,False,False,False
DFL-MAT-J03WUY,True,True,0,2,False,False,False
DFL-MAT-J03WUZ,True,True,0,2,False,False,False
DFL-MAT-J03WV0,True,True,0,2,False,False,False
DFL-MAT-J03WV1,True,True,0,2,False,False,False
DFL-MAT-J03WV2,True,True,0,2,False,False,False
DFL-MAT-J03WV3,True,True,0,2,False,False,False
DFL-MAT-J03WV4,True,True,0,2,False,False,False
DFL-MAT-J03WV5,True,True,0,2,False,False,False
DFL-MAT-J03WV6,True,True,0,2,False,False,False
DFL-MAT-J03WV7,True,True,0,2,False,False,False
DFL-MAT-J03WV8,True,True,0,2,False,False,False
DFL-MAT-J03WV9,True,True,0,2,False,False,False
DFL-MAT-J03WVA,True,True,0,2,False,False,False
DFL-MAT-J03WVB,True,True,0,2,False,False,False
DFL-MAT-J03WVC,True,True,0,2,False,False,False
DFL-MAT-J03WVD,True,True,0,2,False,False,False
DFL-MAT-J03WVE,True,True,0,2,False,False,False
DFL-MAT-J03WVF,True,True,0,2,False,False,False
DFL-MAT-J03WVG,True,True,0,2,False,False,False
DFL-MAT-J03WVH,True,True,0,2,False,False,False
DFL-MAT-J03WVI,True,True,0,2,False,False,False
DFL-MAT-J03WVJ,True,True,0,2,False,False,False
DFL-MAT-J03WVK,True,True,0,2,False,False,False
DFL-MAT-J03YDU,True,True,0,2,False,False,False
DFL-MAT-J03YDV,True,True,0,2,False,False,False
DFL-MAT-J03YDW,True,True,0,2,False,False,False
DFL-MAT-J03YDX,True,True,0,2,False,False,False
DFL-MAT-J03YDY,True,True,0,2,False,False,False
DFL-MAT-J03YDZ,True,True,0,2,False,False,False
DFL-MAT-J03YE0,True,True,0,2,False,False,False
DFL-MAT-J03YE1,True,True,0,2,False,False,False
DFL-MAT-J03YE2,True,True,0,2,False,False,False
DFL-MAT-J03YE3,True,True,0,2,False,False,False
DFL-MAT-J03YE4,True,True,0,2,False,False,False
DFL-MAT-J03YE5,True,True,0,2,False,False,False
DFL-MAT-J03YE6,True,True,0,2,False,False,False
DFL-MAT-J03YE7,True,True,0,2,False,False,False
DFL-MAT-J03YE8,True,True,0,2,False,False,False
DFL-MAT-J03YE9,True,True,0,2,False,False,False
DFL-MAT-J03YEA,True,True,0,2,False,False,False
DFL-MAT-J03YEB,True,True,0,2,False,False,False
DFL-MAT-J03YEC,True,True,0,2,False,False,False
DFL-MAT-J03YED,True,True,0,2,False,False,False
DFL-MAT-J03YEE,True,True,0,2,False,False,False
DFL-MAT-J03YEF,True,True,0,2,False,False,False
DFL-MAT-J03YEG,True,True,0,2,False,False,False
DFL-MAT-J03YEH,True,True,0,2,False,False,False
DFL-MAT-J03YEI,True,True,0,2,False,False,False
DFL-MAT-J03YEJ,True,True,0,2,False,False,False
DFL-MAT-J03YEK,True,True,0,2,False,False,False
DFL-MAT-J03YEL,True,True,0,2,False,False,False
DFL-MAT-J03YEM,True,True,0,2,False,False,False
DFL-MAT-J03YEN,True,True,0,2,False,False,False
DFL-MAT-J03YEO,True,True,0,2,False,False,False
DFL-MAT-J03YEP,True,True,0,2,False,False,False
DFL-MAT-J03YEQ,True,True,0,2,False,False,False
DFL-MAT-J03YER,True,True,0,2,False,False,False
DFL-MAT-J03YES,True,True,0,2,False,False,False
DFL-MAT-J03YET,True,True,0,2,False,False,False
DFL-MAT-J03YEU,True,True,0,2,False,False,False
DFL-MAT-J03YEV,True,True,0,2,False,False,False
DFL-MAT-J03YEW,True,True,0,2,False,False,False
DFL-MAT-J03YEX,True,True,0,2,False,False,False
DFL-MAT-J03YEY,True,True,0,2,False,False,False
DFL-MAT-J03YEZ,True,True,0,2,False,False,False
DFL-MAT-J03YF0,True,True,0,2,False,False,False
DFL-MAT-J03YF1,True,True,0,2,False,False,False
DFL-MAT-J03YF2,True,True,0,2,False,False,False
DFL-MAT-J03YF3,True,True,0,2,False,False,False
DFL-MAT-J03YF4,True,True,0,2,False,False,False
DFL-MAT-J03YF5,True,True,0,2,False,False,False
DFL-MAT-J03YF6,True,True,0,2,False,False,False
DFL-MAT-J03YF7,True,True,0,2,False,False,False
DFL-MAT-J03YF8,True,True,0,2,False,False,False
DFL-MAT-J03YF9,True,True,0,2,False,False,False
DFL-MAT-J03YFA,True,True,0,2,False,False,False
DFL-MAT-J03YFB,True,True,0,2,False,False,False
DFL-MAT-J03YFC,True,True,0,2,False,False,False
DFL-MAT-J03YFD,True,True,0,2,False,False,False
DFL-MAT-J03YFE,True,True,0,2,False,False,False
DFL-MAT-J03YFF,True,True,0,2,False,False,False
DFL-MAT-J03YFG,True,True,0,2,False,False,False
DFL-MAT-J03YFH,True,True,0,2,False,False,False
DFL-MAT-J03YFI,True,True,0,2,False,False,False
DFL-MAT-J03YFJ,True,True,0,2,False,False,False
DFL-MAT-J03YFK,True,True,0,2,False,False,False
DFL-MAT-J03YFL,True,True,0,2,False,False,False
DFL-MAT-J03YFM,True,True,0,2,False,False,False
DFL-MAT-J03YFN,True,True,0,2,False,False,False
DFL-MAT-J03YFO,True,True,0,2,False,False,False
DFL-MAT-J03YFP,True,True,0,2,False,False,False
DFL-MAT-J03YFQ,True,True,0,2,False,False,False
DFL-MAT-J03YFR,True,True,0,2,False,False,False
DFL-MAT-J03YFS,True,True,0,2,False,False,False
DFL-MAT-J03YFT,True,True,0,2,False,False,False
DFL-MAT-J03YFU,True,True,0,2,False,False,False
DFL-MAT-J03YFV,True,True,0,2,False,False,False
DFL-MAT-J03YFW,True,True,0,2,False,False,False
DFL-MAT-J03YFX,True,True,0,2,False,False,False
DFL-MAT-J03YFY,True,True,0,2,False,False,False
DFL-MAT-J03YFZ,True,True,0,2,False,False,False
DFL-MAT-J03YG0,True,True,0,2,False,False,False
DFL-MAT-J03YG1,True,True,0,2,False,False,False
DFL-MAT-J03YG2,True,True,0,2,False,False,False
DFL-MAT-J03YG3,True,True,0,2,False,False,False
DFL-MAT-J03YG4,True,True,0,2,False,False,False
DFL-MAT-J03YG5,True,True,0,2,False,False,False
DFL-MAT-J03YG6,True,True,0,2,False,False,False
DFL-MAT-J03YG7,True,True,0,2,False,False,False
DFL-MAT-J03YG8,True,True,0,2,False,False,False
DFL-MAT-J03YG9,True,True,0,2,False,False,False
DFL-MAT-J03YGA,True,True,0,2,False,False,False
DFL-MAT-J03YGB,True,True,0,2,False,False,False
DFL-MAT-J03YGC,True,True,0,2,False,False,False
DFL-MAT-J03YGD,True,True,0,2,False,False,False
DFL-MAT-J03YGE,True,True,0,2,False,False,False
DFL-MAT-J03YGF,True,True,0,2,False,False,False
DFL-MAT-J03YGG,True,True,0,2,False,False,False
DFL-MAT-J03YGH,True,True,0,2,False,False,False
DFL-MAT-J03YGI,True,True,0,2,False,False,False
DFL-MAT-J03YGJ,True,True,0,2,False,False,False
DFL-MAT-J03YGK,True,True,0,2,False,False,False
DFL-MAT-J03YGL,True,True,0,2,False,False,False
DFL-MAT-J03YGM,True,True,0,2,False,False,False
DFL-MAT-J03YGN,True,True,0,2,False,False,False
DFL-MAT-J03YGO,True,True,0,2,False,False,False
DFL-MAT-J03YGP,True,True,0,2,False,False,False
DFL-MAT-J03YGQ,True,True,0,2,False,False,False
DFL-MAT-J03YGR,True,True,0,2,False,False,False
DFL-MAT-J03YGS,True,True,0,2,False,False,False
DFL-MAT-J03YGT,True,True,0,2,False,False,False
DFL-MAT-J03YGU,True,True,0,2,False,False,False
DFL-MAT-J03YGV,True,True,0,2,False,False,False
DFL-MAT-J03YGW,True,True,0,2,False,False,False
DFL-MAT-J03YGX,True,True,0,2,False,False,False
DFL-MAT-J03YGY,True,True,0,2,False,False,False
DFL-MAT-J03YGZ,True,True,0,2,False,False,False
DFL-MAT-J03YH0,True,True,0,2,False,False,False
DFL-MAT-J03YH1,True,True,0,2,False,False,False
DFL-MAT-J03YH2,True,True,0,2,False,False,False
DFL-MAT-J03YH3,True,True,0,2,False,False,False
DFL-MAT-J03YH4,True,True,0,2,False,False,False
DFL-MAT-J03YH5,True,True,0,2,False,False,False
DFL-MAT-J03YH6,True,True,0,2,False,False,False
DFL-MAT-J03YH7,True,True,0,2,False,False,False
DFL-MAT-J03YH8,True,True,0,2,False,False,False
DFL-MAT-J03YH9,True,True,0,2,False,False,False
DFL-MAT-J03YHA,True,True,0,2,False,False,False
DFL-MAT-J03YHB,True,True,0,2,False,False,False
DFL-MAT-J03YHC,True,True,0,2,False,False,False
DFL-MAT-J03YHD,True,True,0,2,False,False,False
DFL-MAT-J03YHE,True,True,0,2,False,False,False
DFL-MAT-J03YHF,True,True,0,2,False,False,False
DFL-MAT-J03YHG,True,True,0,2,False,False,False
DFL-MAT-J03YHH,True,True,0,2,False,False,False
DFL-MAT-J03YHI,True,True,0,2,False,False,False
DFL-MAT-J03YHJ,True,True,0,2,False,False,False
DFL-MAT-J03YHK,True,True,0,2,False,False,False
DFL-MAT-J03YHL,True,True,0,2,False,False,False
DFL-MAT-J03YHM,True,True,0,2,False,False,False
DFL-MAT-J03YHN,True,True,0,2,False,False,False
DFL-MAT-J03YHO,True,True,0,2,False,False,False
DFL-MAT-J03YHP,True,True,0,2,False,False,False
DFL-MAT-J03YHQ,True,True,0,2,False,False,False
DFL-MAT-J03YHR,True,True,0,2,False,False,False
DFL-MAT-J03YHS,True,True,0,2,False,False,False
DFL-MAT-J03YHT,True,True,0,2,False,False,False
DFL-MAT-J03YHU,True,True,0,2,False,False,False
DFL-MAT-J03YHV,True,True,0,2,False,False,False
DFL-MAT-J03YHW,True,True,0,2,False,False,False
DFL-MAT-J03YHX,True,True,0,2,False,False,False
DFL-MAT-J03YHY,True,True,0,2,False,False,False
DFL-MAT-J03YHZ,True,True,0,2,False,False,False
DFL-MAT-J03YI0,True,True,0,2,False,False,False
DFL-MAT-J03YI1,True,True,0,2,False,False,False
DFL-MAT-J03YI2,True,True,0,2,False,False,False
DFL-MAT-J03YI3,True,True,0,2,False,False,False
DFL-MAT-J03YI4,True,True,0,2,False,False,False
DFL-MAT-J03YI5,True,True,0,2,False,False,False
DFL-MAT-J03YI6,True,True,0,2,False,False,False
DFL-MAT-J03YI7,True,True,0,2,False,False,False
DFL-MAT-J03YI8,True,True,0,2,False,False,False
DFL-MAT-J03YI9,True,True,0,2,False,False,False
DFL-MAT-J03YIA,True,True,0,2,False,False,False
DFL-MAT-J03YIB,True,True,0,2,False,False,False
DFL-MAT-J03YIC,True,True,0,2,False,False,False
DFL-MAT-J03YID,True,True,0,2,False,False,False
DFL-MAT-J03YIE,True,True,0,2,False,False,False
DFL-MAT-J03YIF,True,True,0,2,False,False,False
DFL-MAT-J03YIG,True,True,0,2,False,False,False
DFL-MAT-J03YIH,True,True,0,2,False,False,False
DFL-MAT-J03YII,True,True,0,2,False,False,False
DFL-MAT-J03YIJ,True,True,0,2,False,False,False
DFL-MAT-J03YIK,True,True,0,2,False,False,False
DFL-MAT-J03YIL,True,True,0,2,False,False,False
DFL-MAT-J03YIM,True,True,0,2,False,False,False
DFL-MAT-J03YIN,True,True,0,2,False,False,False
DFL-MAT-J03YIO,True,True,0,2,False,False,False
DFL-MAT-J03YIP,True,True,0,2,False,False,False
DFL-MAT-J03YIQ,True,True,0,2,False,False,False
DFL-MAT-J03YIR,True,True,0,2,False,False,False
DFL-MAT-J03YIS,True,True,0,2,False,False,False
DFL-MAT-J03YIT,True,True,0,2,False,False,False
DFL-MAT-J03YIU,True,True,0,2,False,False,False
DFL-MAT-J03YIV,True,True,0,2,False,False,False
DFL-MAT-J03YIW,True,True,0,2,False,False,False
DFL-MAT-J03YIX,True,True,0,2,False,False,False
DFL-MAT-J03YIY,True,True,0,2,False,False,False
DFL-MAT-J03YIZ,True,True,0,2,False,False,False
DFL-MAT-J03YJ0,True,True,0,2,False,False,False
DFL-MAT-J03YJ1,True,True,0,2,False,False,False
DFL-MAT-J03YJ2,True,True,0,2,False,False,False
DFL-MAT-J03YJ3,True,True,0,2,False,False,False
DFL-MAT-J03YJ4,True,True,0,2,False,False,False
DFL-MAT-J03YJ5,True,True,0,2,False,False,False
DFL-MAT-J03YJ6,True,True,0,2,False,False,False
DFL-MAT-J03YJ7,True,True,0,2,False,False,False
DFL-MAT-J03YJ8,True,True,0,2,False,False,False
DFL-MAT-J03YJ9,True,True,0,2,False,False,False
DFL-MAT-J03YJA,True,True,0,2,False,False,False
DFL-MAT-J03YJB,True,True,0,2,False,False,False
DFL-MAT-J03YJC,True,True,0,2,False,False,False
DFL-MAT-J03YJD,True,True,0,2,False,False,False
DFL-MAT-J03YJE,True,True,0,2,False,False,False
DFL-MAT-J03YJF,True,True,0,2,False,False,False
DFL-MAT-J03YJG,True,True,0,2,False,False,False
DFL-MAT-J03YJH,True,True,0,2,False,False,False
DFL-MAT-J03YJI,True,True,0,2,False,False,False
DFL-MAT-J03YJJ,True,True,0,2,False,False,False
DFL-MAT-J03YJK,True,True,0,2,False,False,False
DFL-MAT-J03YJL,True,True,0,2,False,False,False
DFL-MAT-J03YJM,True,True,0,2,False,False,False
DFL-MAT-J03YJN,True,True,0,2,False,False,False
DFL-MAT-J03YJO,True,True,0,2,False,False,False
DFL-MAT-J03YJP,True,True,0,2,False,False,False
DFL-MAT-J03YJQ,True,True,0,2,False,False,False
DFL-MAT-J03YJR,True,True,0,2,False,False,False
DFL-MAT-J03YJS,True,True,0,2,False,False,False
DFL-MAT-J03YJT,True,True,0,2,False,False,False
DFL-MAT-J03YJU,True,True,0,2,False,False,False
DFL-MAT-J03YJV,True,True,0,2,False,False,False
DFL-MAT-J03YJW,True,True,0,2,False,False,False
DFL-MAT-J03YJX,True,True,0,2,False,False,False
DFL-MAT-J03YJY,True,True,0,2,False,False,False
DFL-MAT-J03YJZ,True,True,0,2,False,False,False
DFL-MAT-J03YK0,True,True,0,2,False,False,False
DFL-MAT-J03YK1,True,True,0,2,False,False,False
DFL-MAT-J03YK2,True,True,0,2,False,False,False
DFL-MAT-J03YK3,True,True,0,2,False,False,False
DFL-MAT-J03YK4,True,True,0,2,False,False,False
DFL-MAT-J03YK5,True,True,0,2,False,False,False
DFL-MAT-J03YK6,True,True,0,2,False,False,False
DFL-MAT-J03YK7,True,True,0,2,False,False,False
DFL-MAT-J03YK8,True,True,0,2,False,False,False
DFL-MAT-J03YK9,True,True,0,2,False,False,False
DFL-MAT-J03YKA,True,True,0,2,False,False,False
DFL-MAT-J03YKB,True,True,0,2,False,False,False
DFL-MAT-J03YKC,True,True,0,2,False,False,False
DFL-MAT-J03YKD,True,True,0,2,False,False,False
DFL-MAT-J03YKE,True,True,0,2,False,False,False
DFL-MAT-J03YKF,True,True,0,2,False,False,False
DFL-MAT-J03YKG,True,True,0,2,False,False,False
DFL-MAT-J03YKH,True,True,0,2,False,False,False
DFL-MAT-J03YKI,True,True,0,2,False,False,False
DFL-MAT-J03YKJ,True,True,0,2,False,False,False
DFL-MAT-J03YKK,True,True,0,2,False,False,False
DFL-MAT-J03YKL,True,True,0,2,False,False,False
DFL-MAT-J03YKM,True,True,0,2,False,False,False
DFL-MAT-J03YKN,True,True,0,2,False,False,False
DFL-MAT-J03YKO,True,True,0,2,False,False,False
DFL-MAT-J03YKP,True,True,0,2,False,False,False
DFL-MAT-J03YKQ,True,True,0,2,False,False,False
DFL-MAT-J03YKR,True,True,0,2,False,False,False
DFL-MAT-J03YKS,True,True,0,2,False,False,False
DFL-MAT-J03YKT,True,True,0,2,False,False,False
DFL-MAT-J03YKU,True,True,0,2,False,False,False
DFL-MAT-J03YKV,True,True,0,2,False,False,False
DFL-MAT-J03YKW,True,True,0,2,False,False,False
DFL-MAT-J03YKX,True,True,0,2,False,False,False
DFL-MAT-J03YKY,True,True,0,2,False,False,False
DFL-MAT-J03YKZ,True,True,0,2,False,False,False
DFL-MAT-J03YL0,True,True,0,2,False,False,False
DFL-MAT-J03YL1,True,True,0,2,False,False,False
DFL-MAT-J03YL2,True,True,0,2,False,False,False
DFL-MAT-J03YL3,True,True,0,2,False,False,False
DFL-MAT-J03YL4,True,True,0,2,False,False,False
DFL-MAT-J03YL5,True,True,0,2,False,False,False
DFL-MAT-J03YL6,True,True,0,2,False,False,False
DFL-MAT-J03YL7,True,True,0,2,False,False,False
DFL-MAT-J03YL8,True,True,0,2,False,False,False
DFL-MAT-J03YL9,True,True,0,2,False,False,False
DFL-MAT-J03YLA,True,True,0,2,False,False,False
DFL-MAT-J03YLB,True,True,0,2,False,False,False
DFL-MAT-J03YLC,True,True,0,2,False,False,False
DFL-MAT-J03YLD,True,True,0,2,False,False,False
DFL-MAT-J03YLE,True,True,0,2,False,False,False
DFL-MAT-J03YLF,True,True,0,2,False,False,False
DFL-MAT-J03YLG,True,True,0,2,False,False,False
DFL-MAT-J03YLH,True,True,0,2,False,False,False
DFL-MAT-J03YLI,True,True,0,2,False,False,False
DFL-MAT-J03YLJ,True,True,0,2,False,False,False
DFL-MAT-J03YLK,True,True,0,2,False,False,False
DFL-MAT-J03YLL,True,True,0,2,False,False,False
DFL-MAT-J03YLM,True,True,0,2,False,False,False
DFL-MAT-J03YLN,True,True,0,2,False,False,False
DFL-MAT-J03YLO,True,True,0,2,False,False,False
DFL-MAT-J03YLP,True,True,0,2,False,False,False
DFL-MAT-J03YLQ,True,True,0,2,False,False,False
DFL-MAT-J03YLR,True,True,0,2,False,False,False
DFL-MAT-J03YLS,True,True,0,2,False,False,False
DFL-MAT-J03YLT,True,True,0,2,False,False,False
DFL-MAT-J03YLU,True,True,0,2,False,False,False
DFL-MAT-J03YLV,True,True,0,2,False,False,False
DFL-MAT-J03YLW,True,True,0,2,False,False,False
DFL-MAT-J03YLX,True,True,0,2,False,False,False
DFL-MAT-J03YLY,True,True,0,2,False,False,False
DFL-MAT-J03YLZ,True,True,0,2,False,False,False
DFL-MAT-J03YM0,True,True,0,2,False,False,False
DFL-MAT-J03YM1,True,True,0,2,False,False,False
DFL-MAT-J03YM2,True,True,0,2,False,False,False
DFL-MAT-J03YM3,True,True,0,2,False,False,False
DFL-MAT-J03YM4,True,True,0,2,False,False,False
DFL-MAT-J03YM5,True,True,0,2,False,False,False
DFL-MAT-J03YM6,True,True,0,2,False,False,False
DFL-MAT-J03YM7,True,True,0,2,False,False,False
DFL-MAT-J03YM8,True,True,0,2,False,False,False
DFL-MAT-J03YM9,True,True,0,2,False,False,False
DFL-MAT-J03YMA,True,True,0,2,False,False,False
DFL-MAT-J03YMB,True,True,0,2,False,False,False
DFL-MAT-J03YMC,True,True,0,2,False,False,False
DFL-MAT-J03YMD,True,True,0,2,False,False,False
DFL-MAT-J03YME,True,True,0,2,False,False,False
DFL-MAT-J03YMF,True,True,0,2,False,False,False
DFL-MAT-J03YMG,True,True,0,2,False,False,False
DFL-MAT-J03YMH,True,True,0,2,False,False,False
DFL-MAT-J03YMI,True,True,0,2,False,False,False
DFL-MAT-J03YMJ,True,True,0,2,False,False,False
DFL-MAT-J03YMK,True,True,0,2,False,False,False
DFL-MAT-J03YML,True,True,0,2,False,False,False
DFL-MAT-J03YMM,True,True,0,2,False,False,False
DFL-MAT-J03YMN,True,True,0,2,False,False,False
DFL-MAT-J03YMO,True,True,0,2,False,False,False
DFL-MAT-J03YMP,True,True,0,2,False,False,False
DFL-MAT-J03YMQ,True,True,0,2,False,False,False
DFL-MAT-J03YMR,True,True,0,2,False,False,False
DFL-MAT-J03YMS,True,True,0,2,False,False,False
DFL-MAT-J03YMT,True,True,0,2,False,False,False
DFL-MAT-J03YMU,True,True,0,2,False,False,False
DFL-MAT-J03YMV,True,True,0,2,False,False,False
DFL-MAT-J03YMW,True,True,0,2,False,False,False
DFL-MAT-J03YMX,True,True,0,2,False,False,False
DFL-MAT-J03YMY,True,True,0,2,False,False,False
DFL-MAT-J03YMZ,True,True,0,2,False,False,False
DFL-MAT-J03YN0,True,True,0,2,False,False,False
DFL-MAT-J03YN1,True,True,0,2,False,False,False
DFL-MAT-J03YN2,True,True,0,2,False,False,False
DFL-MAT-J03YN3,True,True,0,2,False,False,False
DFL-MAT-J03YN4,True,True,0,2,False,False,False
DFL-MAT-J03YN5,True,True,0,2,False,False,False
DFL-MAT-J03YN6,True,True,0,2,False,False,False
DFL-MAT-J03YN7,True,True,0,2,False,False,False
DFL-MAT-J03YN8,True,True,0,2,False,False,False
DFL-MAT-J03YN9,True,True,0,2,False,False,False
DFL-MAT-J03YNA,True,True,0,2,False,False,False
DFL-MAT-J03YNB,True,True,0,2,False,False,False
DFL-MAT-J03YNC,True,True,0,2,False,False,False
DFL-MAT-J03YND,True,True,0,2,False,False,False
DFL-MAT-J03YNE,True,True,0,2,False,False,False
DFL-MAT-J03YNF,True,True,0,2,False,False,False
DFL-MAT-J03YNG,True,True,0,2,False,False,False
DFL-MAT-J03YNH,True,True,0,2,False,False,False
DFL-MAT-J03YNI,True,True,0,2,False,False,False
DFL-MAT-J03YNJ,True,True,0,2,False,False,False
DFL-MAT-J03YNK,True,True,0,2,False,False,False
DFL-MAT-J03YNL,True,True,0,2,False,False,False
DFL-MAT-J03YNM,True,True,0,2,False,False,False
DFL-MAT-J03YNN,True,True,0,2,False,False,False
DFL-MAT-J03YNO,True,True,0,2,False,False,False
DFL-MAT-J03YNP,True,True,0,2,False,False,False
DFL-MAT-J03YNQ,True,True,0,2,False,False,False
DFL-MAT-J03YNR,True,True,0,2,False,False,False
DFL-MAT-J03YNS,True,True,0,2,False,False,False
DFL-MAT-J03YNT,True,True,0,2,False,False,False
DFL-MAT-J03YNU,True,True,0,2,False,False,False
DFL-MAT-J03YNV,True,True,0,2,False,False,False
DFL-MAT-J03YNW,True,True,0,2,False,False,False
DFL-MAT-J03YNX,True,True,0,2,False,False,False
DFL-MAT-J03YNY,True,True,0,2,False,False,False
DFL-MAT-J03YNZ,True,True,0,2,False,False,False
DFL-MAT-J03YO0,True,True,0,2,False,False,False
DFL-MAT-J03YO1,True,True,0,2,False,False,False
DFL-MAT-J03YO2,True,True,0,2,False,False,False
DFL-MAT-J03YO3,True,True,0,2,False,False,False
DFL-MAT-J03YO4,True,True,0,2,False,False,False
DFL-MAT-J03YO5,True,True,0,2,False,False,False
DFL-MAT-J03YO6,True,True,0,2,False,False,False
DFL-MAT-J03YO7,True,True,0,2,False,False,False
DFL-MAT-J03YO8,True,True,0,2,False,False,False
DFL-MAT-J03YO9,True,True,0,2,False,False,False
DFL-MAT-J03YOA,True,True,0,2,False,False,False
DFL-MAT-J03YOB,True,True,0,2,False,False,False
DFL-MAT-J03YOC,True,True,0,2,False,False,False
DFL-MAT-J03YOD,True,True,0,2,False,False,False
DFL-MAT-J03YOE,True,True,0,2,False,False,False
DFL-MAT-J03YOF,True,True,0,2,False,False,False
DFL-MAT-J03YOG,True,True,0,2,False,False,False
DFL-MAT-J03YOH,True,True,0,2,False,False,False
DFL-MAT-J03YOI,True,True,0,2,False,False,False
DFL-MAT-J03YOJ,True,True,0,2,False,False,False
DFL-MAT-J03YOK,True,True,0,2,False,False,False
DFL-MAT-J03YOL,True,True,0,2,False,False,False
DFL-MAT-J03YOM,True,True,0,2,False,False,False
DFL-MAT-J03YON,True,True,0,2,False,False,False
DFL-MAT-J03YOO,True,True,0,2,False,False,False
DFL-MAT-J03YOP,True,True,0,2,False,False,False
DFL-MAT-J03YOQ,True,True,0,2,False,False,False
DFL-MAT-J03YOR,True,True,0,2,False,False,False
DFL-MAT-J03YOS,True,True,0,2,False,False,False
DFL-MAT-J03YOT,True,True,0,2,False,False,False
DFL-MAT-J03YOU,True,True,0,2,False,False,False
DFL-MAT-J03YOV,True,True,0,2,False,False,False
DFL-MAT-J03YOW,True,True,0,2,False,False,False
DFL-MAT-J03YOX,True,True,0,2,False,False,False
DFL-MAT-J03YOY,True,True,0,2,False,False,False
DFL-MAT-J03YOZ,True,True,0,2,False,False,False
DFL-MAT-J03YP0,True,True,0,2,False,False,False
DFL-MAT-J03YP1,True,True,0,2,False,False,False
DFL-MAT-J03YP2,True,True,0,2,False,False,False
DFL-MAT-J03YP3,True,True,0,2,False,False,False
DFL-MAT-J03YP4,True,True,0,2,False,False,False
DFL-MAT-J03YP5,True,True,0,2,False,False,False
DFL-MAT-J03YP6,True,True,0,2,False,False,False
DFL-MAT-J03YP7,True,True,0,2,False,False,False
DFL-MAT-J03YP8,True,True,0,2,False,False,False
DFL-MAT-J03YP9,True,True,0,2,False,False,False
DFL-MAT-J03YPA,True,True,0,2,False,False,False
DFL-MAT-J03YPB,True,True,0,2,False,False,False
DFL-MAT-J03YPC,True,True,0,2,False,False,False
DFL-MAT-J03YPD,True,True,0,2,False,False,False
DFL-MAT-J03YPE,True,True,0,2,False,False,False
DFL-MAT-J03YPF,True,True,0,2,False,False,False
DFL-MAT-J03YPG,True,True,0,2,False,False,False
DFL-MAT-J03YPH,True,True,0,2,False,False,False
DFL-MAT-J03YPI,True,True,0,2,False,False,False
DFL-MAT-J03YPJ,True,True,0,2,False,False,False
DFL-MAT-J03YPK,True,True,0,2,False,False,False
DFL-MAT-J03YPL,True,True,0,2,False,False,False
DFL-MAT-J03YPM,True,True,0,2,False,False,False
DFL-MAT-J03YPN,True,True,0,2,False,False,False
DFL-MAT-J03YPO,True,True,0,2,False,False,False
DFL-MAT-J03YPP,True,True,0,2,False,False,False
DFL-MAT-J03YPQ,True,True,0,2,False,False,False
DFL-MAT-J03YPR,True,True,0,2,False,False,False
DFL-MAT-J03YPS,True,True,0,2,False,False,False
DFL-MAT-J03YPT,True,True,0,2,False,False,False
DFL-MAT-J03YPU,True,True,0,2,False,False,False
DFL-MAT-J03YPV,True,True,0,2,False,False,False
DFL-MAT-J03YPW,True,True,0,2,False,False,False
DFL-MAT-J03YPX,True,True,0,2,False,False,False
DFL-MAT-J03YPY,True,True,0,2,False,False,False
DFL-MAT-J03YPZ,True,True,0,2,False,False,False
DFL-MAT-J03YQ0,True,True,0,2,False,False,False
DFL-MAT-J03YQ1,True,True,0,2,False,False,False
DFL-MAT-J03YQ2,True,True,0,2,False,False,False
DFL-MAT-J03YQ3,True,True,0,2,False,False,False
DFL-MAT-J03YQ4,True,True,0,2,False,False,False
DFL-MAT-J03YQ5,True,True,0,2,False,False,False
DFL-MAT-J03YQ6,True,True,0,2,False,False,False
DFL-MAT-J03YQ7,True,True,0,2,False,False,False
DFL-MAT-J03YQ8,True,True,0,2,False,False,False
DFL-MAT-J03YQ9,True,True,0,2,False,False,False
DFL-MAT-J03YQA,True,True,0,2,False,False,False
DFL-MAT-J03YQB,True,True,0,2,False,False,False
DFL-MAT-J03YQC,True,True,0,2,False,False,False
DFL-MAT-J03YQD,True,True,0,2,False,False,False
DFL-MAT-J03YQE,True,True,0,2,False,False,False
DFL-MAT-J03YQF,True,True,0,2,False,False,False
DFL-MAT-J03YQG,True,True,0,2,False,False,False
DFL-MAT-J03YQH,True,True,0,2,False,False,False
DFL-MAT-J03YQI,True,True,0,2,False,False,False
DFL-MAT-J03YQJ,True,True,0,2,False,False,False
DFL-MAT-J03YQK,True,True,0,2,False,False,False
DFL-MAT-J03YQL,True,True,0,2,False,False,False
DFL-MAT-J03YQM,True,True,0,2,False,False,False
DFL-MAT-J03YQN,True,True,0,2,False,False,False
DFL-MAT-J03YQO,True,True,0,2,False,False,False
DFL-MAT-J03YQP,True,True,0,2,False,False,False
DFL-MAT-J03YQQ,True,True,0,2,False,False,False
DFL-MAT-J03YQR,True,True,0,2,False,False,False
DFL-MAT-J03YQS,True,True,0,2,False,False,False
DFL-MAT-J03YQT,True,True,0,2,False,False,False
DFL-MAT-J03YQU,True,True,0,2,False,False,False
DFL-MAT-J03YQV,True,True,0,2,False,False,False
DFL-MAT-J03YQW,True,True,0,2,False,False,False
DFL-MAT-J03YQX,True,True,0,2,False,False,False
DFL-MAT-J03YQY,True,True,0,2,False,False,False
DFL-MAT-J03YQZ,True,True,0,2,False,False,False
DFL-MAT-J03YR0,True,True,0,2,False,False,False
DFL-MAT-J03YR1,True,True,0,2,False,False,False
DFL-MAT-J03YR2,True,True,0,2,False,False,False
DFL-MAT-J03YR3,True,True,0,2,False,False,False
DFL-MAT-J03YR4,True,True,0,2,False,False,False
DFL-MAT-J03YR5,True,True,0,2,False,False,False
DFL-MAT-J03YR6,True,True,0,2,False,False,False
DFL-MAT-J03YR7,True,True,0,2,False,False,False
DFL-MAT-J03YR8,True,True,0,2,False,False,False
DFL-MAT-J03YR9,True,True,0,2,False,False,False
DFL-MAT-J03YRA,True,True,0,2,False,False,False
DFL-MAT-J03YRB,True,True,0,2,False,False,False
DFL-MAT-J03YRC,True,True,0,2,False,False,False
DFL-MAT-J03YRD,True,True,0,2,False,False,False
DFL-MAT-J03YRE,True,True,0,2,False,False,False
DFL-MAT-J03YRF,True,True,0,2,False,False,False
DFL-MAT-J03YRG,True,True,0,2,False,False,False
DFL-MAT-J03YRH,True,True,0,2,False,False,False
DFL-MAT-J03YRI,True,True,0,2,False,False,False
DFL-MAT-J03YRJ,True,True,0,2,False,False,False
DFL-MAT-J03YRK,True,True,0,2,False,False,False
DFL-MAT-J03YRL,True,True,0,2,False,False,False
DFL-MAT-J03YRM,True,True,0,2,False,False,False
DFL-MAT-J03YRN,True,True,0,2,False,False,False
DFL-MAT-J03YRO,True,True,0,2,False,False,False
DFL-MAT-J03YRP,True,True,0,2,False,False,False
DFL-MAT-J03YRQ,True,True,0,2,False,False,False
DFL-MAT-J03YRR,True,True,0,2,False,False,False
DFL-MAT-J03YRS,True,True,0,2,False,False,False
DFL-MAT-J03YRT,True,True,0,2,False,False,False
DFL-MAT-J03YRU,True,True,0,2,False,False,False
DFL-MAT-J03YRV,True,True,0,2,False,False,False
DFL-MAT-J03YRW,True,True,0,2,False,False,False
DFL-MAT-J03YRX,True,True,0,2,False,False,False
DFL-MAT-J03YRY,True,True,0,2,False,False,False
DFL-MAT-J03YRZ,True,True,0,2,False,False,False
DFL-MAT-J03YS0,True,True,0,2,False,False,False
DFL-MAT-J03YS1,True,True,0,2,False,False,False
DFL-MAT-J03YS2,True,True,0,2,False,False,False
DFL-MAT-J03YS3,True,True,0,2,False,False,False
DFL-MAT-J03YS4,True,True,0,2,False,False,False
DFL-MAT-J03YS5,True,True,0,2,False,False,False
DFL-MAT-J03YS6,True,True,0,2,False,False,False
DFL-MAT-J03YS7,True,True,0,2,False,False,False
DFL-MAT-J03YS8,True,True,0,2,False,False,False
DFL-MAT-J03YS9,True,True,0,2,False,False,False
DFL-MAT-J03YSA,True,True,0,2,False,False,False
DFL-MAT-J03YSB,True,True,0,2,False,False,False
DFL-MAT-J03YSC,True,True,0,2,False,False,False
DFL-MAT-J03YSD,True,True,0,2,False,False,False
DFL-MAT-J03YSE,True,True,0,2,False,False,False
DFL-MAT-J03YSF,True,True,0,2,False,False,False
DFL-MAT-J03YSG,True,True,0,2,False,False,False
DFL-MAT-J03YSH,True,True,0,2,False,False,False
DFL-MAT-J03YSI,True,True,0,2,False,False,False
DFL-MAT-J03YSJ,True,True,0,2,False,False,False
DFL-MAT-J03YSK,True,True,0,2,False,False,False
DFL-MAT-J03YSL,True,True,0,2,False,False,False
DFL-MAT-J03YSM,True,True,0,2,False,False,False
DFL-MAT-J03YSN,True,True,0,2,False,False,False
DFL-MAT-J03YSO,True,True,0,2,False,False,False
DFL-MAT-J03YSP,True,True,0,2,False,False,False
DFL-MAT-J03YSQ,True,True,0,2,False,False,False
DFL-MAT-J03YSR,True,True,0,2,False,False,False
DFL-MAT-J03YSS,True,True,0,2,False,False,False
DFL-MAT-J03YST,True,True,0,2,False,False,False
DFL-MAT-J03YSU,True,True,0,2,False,False,False
DFL-MAT-J03YSV,True,True,0,2,False,False,False
DFL-MAT-J03YSW,True,True,0,2,False,False,False
DFL-MAT-J03YSX,True,True,0,2,False,False,False
DFL-MAT-J03YSY,True,True,0,2,False,False,False
DFL-MAT-J03YSZ,True,True,0,2,False,False,False
DFL-MAT-J03YT0,True,True,0,2,False,False,False
DFL-MAT-J03YT1,True,True,0,2,False,False,False
DFL-MAT-J03YT2,True,True,0,2,False,False,False
DFL-MAT-J03YT3,True,True,0,2,False,False,False
DFL-MAT-J03YT4,True,True,0,2,False,False,False
DFL-MAT-J03YT5,True,True,0,2,False,False,False
DFL-MAT-J03YT6,True,True,0,2,False,False,False
DFL-MAT-J03YT7,True,True,0,2,False,False,False
DFL-MAT-J03YT8,True,True,0,2,False,False,False
DFL-MAT-J03YT9,True,True,0,2,False,False,False
DFL-MAT-J03YTA,True,True,0,2,False,False,False
DFL-MAT-J03YTB,True,True,0,2,False,False,False
DFL-MAT-J03YTC,True,True,0,2,False,False,False
DFL-MAT-J03YTD,True,True,0,2,False,False,False
DFL-MAT-J03YTE,True,True,0,2,False,False,False
DFL-MAT-J03YTF,True,True,0,2,False,False,False
DFL-MAT-J03YTG,True,True,0,2,False,False,False
DFL-MAT-J03YTH,True,True,0,2,False,False,False
DFL-MAT-J03YTI,True,True,0,2,False,False,False
DFL-MAT-J03YTJ,True,True,0,2,False,False,False
DFL-MAT-J03YTK,True,True,0,2,False,False,False
DFL-MAT-J03YTL,True,True,0,2,False,False,False
DFL-MAT-J03YTM,True,True,0,2,False,False,False
DFL-MAT-J03YTN,True,True,0,2,False,False,False
DFL-MAT-J03YTO,True,True,0,2,False,False,False
DFL-MAT-J03YTP,True,True,0,2,False,False,False
DFL-MAT-J03YTQ,True,True,0,2,False,False,False
DFL-MAT-J03YTR,True,True,0,2,False,False,False
DFL-MAT-J03YTS,True,True,0,2,False,False,False
DFL-MAT-J03YTT,True,True,0,2,False,False,False
DFL-MAT-J03YTU,True,True,0,2,False,False,False
DFL-MAT-J03YTV,True,True,0,2,False,False,False
DFL-MAT-J03YTW,True,True,0,2,False,False,False
DFL-MAT-J03YTX,True,True,0,2,False,False,False
DFL-MAT-J03YTY,True,True,0,2,False,False,False
DFL-MAT-J03YTZ,True,True,0,2,False,False,False
DFL-MAT-J03YU0,True,True,0,2,False,False,False
DFL-MAT-J03YU1,True,True,0,2,False,False,False
DFL-MAT-J03YU2,True,True,0,2,False,False,False
DFL-MAT-J03YU3,True,True,0,2,False,False,False
DFL-MAT-J03YU4,True,True,0,2,False,False,False
DFL-MAT-J03YU5,True,True,0,2,False,False,False
DFL-MAT-J03YU6,True,True,0,2,False,False,False
DFL-MAT-J03YU7,True,True,0,2,False,False,False
DFL-MAT-J03YU8,True,True,0,2,False,False,False
DFL-MAT-J03YU9,True,True,0,2,False,False,False
DFL-MAT-J03YUA,True,True,0,2,False,False,False
DFL-MAT-J03YUB,True,True,0,2,False,False,False
DFL-MAT-J03YUC,True,True,0,2,False,False,False
DFL-MAT-J03YUD,True,True,0,2,False,False,False
DFL-MAT-J03YUE,True,True,0,2,False,False,False
DFL-MAT-J03YUF,True,True,0,2,False,False,False
DFL-MAT-J03YUG,True,True,0,2,False,False,False
DFL-MAT-J03YUH,True,True,0,2,False,False,False
DFL-MAT-J03YUI,True,True,0,2,False,False,False
DFL-MAT-J03YUJ,True,True,0,2,False,False,False
DFL-MAT-J03YUK,True,True,0,2,False,False,False
DFL-MAT-J03YUL,True,True,0,2,False,False,False
DFL-MAT-J03YUM,True,True,0,2,False,False,False
DFL-MAT-J03YUN,True,True,0,2,False,False,False
DFL-MAT-J03YUO,True,True,0,2,False,False,False
DFL-MAT-J03YUP,True,True,0,2,False,False,False
DFL-MAT-J03YUQ,True,True,0,2,False,False,False
DFL-MAT-J03YUR,True,True,0,2,False,False,False
DFL-MAT-J03YUS,True,True,0,2,False,False,False
DFL-MAT-J03YUT,True,True,0,2,False,False,False
DFL-MAT-J04034,True,True,0,2,False,False,False
DFL-MAT-J04035,True,True,0,2,False,False,False
DFL-MAT-J04036,True,True,0,2,False,False,False
DFL-MAT-J04037,True,True,0,2,False,False,False
DFL-MAT-J04038,True,True,0,2,False,False,False
DFL-MAT-J04039,True,True,0,2,False,False,False
DFL-MAT-J0403A,True,True,0,2,False,False,False
DFL-MAT-J0403B,True,True,0,2,False,False,False
DFL-MAT-J0403C,True,True,0,2,False,False,False
DFL-MAT-J0403D,True,True,0,2,False,False,False
DFL-MAT-J0403E,True,True,0,2,False,False,False
DFL-MAT-J0403F,True,True,0,2,False,False,False
DFL-MAT-J0403G,True,True,0,2,False,False,False
DFL-MAT-J0403H,True,True,0,2,False,False,False
DFL-MAT-J0403I,True,True,0,2,False,False,False
DFL-MAT-J0403J,True,True,0,2,False,False,False
DFL-MAT-J0403K,True,True,0,2,False,False,False
DFL-MAT-J0403L,True,True,0,2,False,False,False
DFL-MAT-J0403M,True,True,0,2,False,False,False
DFL-MAT-J0403N,True,True,0,2,False,False,False
DFL-MAT-J0403O,True,True,0,2,False,False,False
DFL-MAT-J0403P,True,True,0,2,False,False,False
DFL-MAT-J0403Q,True,True,0,2,False,False,False
DFL-MAT-J0403R,True,True,0,2,False,False,False
DFL-MAT-J0403S,True,True,0,2,False,False,False
DFL-MAT-J0403T,True,True,0,2,False,False,False
DFL-MAT-J0403U,True,True,0,2,False,False,False
DFL-MAT-J0403V,True,True,0,2,False,False,False
DFL-MAT-J0403W,True,True,0,2,False,False,False
DFL-MAT-J0403X,True,True,0,2,False,False,False
DFL-MAT-J0403Y,True,True,0,2,False,False,False
DFL-MAT-J0403Z,True,True,0,2,False,False,False
DFL-MAT-J04040,True,True,0,2,False,False,False
DFL-MAT-J04041,True,True,0,2,False,False,False
DFL-MAT-J04042,True,True,0,2,False,False,False
DFL-MAT-J04043,True,True,0,2,False,False,False
DFL-MAT-J04044,True,True,0,2,False,False,False
DFL-MAT-J04045,True,True,0,2,False,False,False
DFL-MAT-J04046,True,True,0,2,False,False,False
DFL-MAT-J04047,True,True,0,2,False,False,False
DFL-MAT-J04048,True,True,0,2,False,False,False
DFL-MAT-J04049,True,True,0,2,False,False,False
DFL-MAT-J0404A,True,True,0,2,False,False,False
DFL-MAT-J0404B,True,True,0,2,False,False,False
DFL-MAT-J0404C,True,True,0,2,False,False,False
DFL-MAT-J0404D,True,True,0,2,False,False,False
DFL-MAT-J0404E,True,True,0,2,False,False,False
DFL-MAT-J0404F,True,True,0,2,False,False,False
DFL-MAT-J0404G,True,True,0,2,False,False,False
DFL-MAT-J0404H,True,True,0,2,False,False,False
DFL-MAT-J0404I,True,True,0,2,False,False,False
DFL-MAT-J0404J,True,True,0,2,False,False,False
DFL-MAT-J0404K,True,True,0,2,False,False,False
DFL-MAT-J0404L,True,True,0,2,False,False,False
DFL-MAT-J0404M,True,True,0,2,False,False,False
DFL-MAT-J0404N,True,True,0,2,False,False,False
DFL-MAT-J0404O,True,True,0,2,False,False,False
DFL-MAT-J0404P,True,True,0,2,False,False,False
DFL-MAT-J0404Q,True,True,0,2,False,False,False
DFL-MAT-J0404R,True,True,0,2,False,False,False
DFL-MAT-J0404S,True,True,0,2,False,False,False
DFL-MAT-J0404T,True,True,0,2,False,False,False
DFL-MAT-J0404U,True,True,0,2,False,False,False
DFL-MAT-J0404V,True,True,0,2,False,False,False
DFL-MAT-J0404W,True,True,0,2,False,False,False
DFL-MAT-J0404X,True,True,0,2,False,False,False
DFL-MAT-J0404Y,True,True,0,2,False,False,False
DFL-MAT-J0404Z,True,True,0,2,False,False,False
DFL-MAT-J04050,True,True,0,2,False,False,False
DFL-MAT-J04051,True,True,0,2,False,False,False
DFL-MAT-J04052,True,True,0,2,False,False,False
DFL-MAT-J04053,True,True,0,2,False,False,False
DFL-MAT-J04054,True,True,0,2,False,False,False
DFL-MAT-J04055,True,True,0,2,False,False,False
DFL-MAT-J04056,True,True,0,2,False,False,False
DFL-MAT-J04057,True,True,0,2,False,False,False
DFL-MAT-J04058,True,True,0,2,False,False,False
DFL-MAT-J04059,True,True,0,2,False,False,False
DFL-MAT-J0405A,True,True,0,2,False,False,False
DFL-MAT-J0405B,True,True,0,2,False,False,False
DFL-MAT-J0405C,True,True,0,2,False,False,False
DFL-MAT-J0405D,True,True,0,2,False,False,False
DFL-MAT-J0405E,True,True,0,2,False,False,False
DFL-MAT-J0405F,True,True,0,2,False,False,False
DFL-MAT-J0405G,True,True,0,2,False,False,False
DFL-MAT-J0405H,True,True,0,2,False,False,False
DFL-MAT-J0405I,True,True,0,2,False,False,False
DFL-MAT-J0405J,True,True,0,2,False,False,False
DFL-MAT-J0405K,True,True,0,2,False,False,False
DFL-MAT-J0405L,True,True,0,2,False,False,False
DFL-MAT-J0405M,True,True,0,2,False,False,False
DFL-MAT-J0405N,True,True,0,2,False,False,False
DFL-MAT-J0405O,True,True,0,2,False,False,False
DFL-MAT-J0405P,True,True,0,2,False,False,False
DFL-MAT-J0405Q,True,True,0,2,False,False,False
DFL-MAT-J0405R,True,True,0,2,False,False,False
DFL-MAT-J0405S,True,True,0,2,False,False,False
DFL-MAT-J0405T,True,True,0,2,False,False,False
DFL-MAT-J0405U,True,True,0,2,False,False,False
DFL-MAT-J0405V,True,True,0,2,False,False,False
DFL-MAT-J0405W,True,True,0,2,False,False,False
DFL-MAT-J0405X,True,True,0,2,False,False,False
DFL-MAT-J0405Y,True,True,0,2,False,False,False
DFL-MAT-J0405Z,True,True,0,2,False,False,False
DFL-MAT-J04060,True,True,0,2,False,False,False
DFL-MAT-J04061,True,True,0,2,False,False,False
DFL-MAT-J04062,True,True,0,2,False,False,False
DFL-MAT-J04063,True,True,0,2,False,False,False
DFL-MAT-J04064,True,True,0,2,False,False,False
DFL-MAT-J04065,True,True,0,2,False,False,False
DFL-MAT-J04066,True,True,0,2,False,False,False
DFL-MAT-J04067,True,True,0,2,False,False,False
DFL-MAT-J04068,True,True,0,2,False,False,False
DFL-MAT-J04069,True,True,0,2,False,False,False
DFL-MAT-J0406A,True,True,0,2,False,False,False
DFL-MAT-J0406B,True,True,0,2,False,False,False
DFL-MAT-J0406C,True,True,0,2,False,False,False
DFL-MAT-J0406D,True,True,0,2,False,False,False
DFL-MAT-J0406E,True,True,0,2,False,False,False
DFL-MAT-J0406F,True,True,0,2,False,False,False
DFL-MAT-J0406G,True,True,0,2,False,False,False
DFL-MAT-J0406H,True,True,0,2,False,False,False
DFL-MAT-J0406I,True,True,0,2,False,False,False
DFL-MAT-J0406J,True,True,0,2,False,False,False
DFL-MAT-J0406K,True,True,0,2,False,False,False
DFL-MAT-J0406L,True,True,0,2,False,False,False
DFL-MAT-J0406M,True,True,0,2,False,False,False
DFL-MAT-J0406N,True,True,0,2,False,False,False
DFL-MAT-J0406O,True,True,0,2,False,False,False
DFL-MAT-J0406P,True,True,0,2,False,False,False
DFL-MAT-J0406Q,True,True,0,2,False,False,False
DFL-MAT-J0406R,True,True,0,2,False,False,False
DFL-MAT-J0406S,True,True,0,2,False,False,False
DFL-MAT-J0406T,True,True,0,2,False,False,False
DFL-MAT-J0406U,True,True,0,2,False,False,False
DFL-MAT-J0406V,True,True,0,2,False,False,False
DFL-MAT-J0406W,True,True,0,2,False,False,False
DFL-MAT-J0406X,True,True,0,2,False,False,False
DFL-MAT-J0406Y,True,True,0,2,False,False,False
DFL-MAT-J0406Z,True,True,0,2,False,False,False
DFL-MAT-J04070,True,True,0,2,False,False,False
DFL-MAT-J04071,True,True,0,2,False,False,False
DFL-MAT-J04072,True,True,0,2,False,False,False
DFL-MAT-J04073,True,True,0,2,False,False,False
DFL-MAT-J04074,True,True,0,2,False,False,False
DFL-MAT-J04075,True,True,0,2,False,False,False
DFL-MAT-J04076,True,True,0,2,False,False,False
DFL-MAT-J04077,True,True,0,2,False,False,False
DFL-MAT-J04078,True,True,0,2,False,False,False
DFL-MAT-J04079,True,True,0,2,False,False,False
DFL-MAT-J0407A,True,True,0,2,False,False,False
DFL-MAT-J0407B,True,True,0,2,False,False,False
DFL-MAT-J0407C,True,True,0,2,False,False,False
DFL-MAT-J0407D,True,True,0,2,False,False,False
DFL-MAT-J0407E,True,True,0,2,False,False,False
DFL-MAT-J0407F,True,True,0,2,False,False,False
DFL-MAT-J0407G,True,True,0,2,False,False,False
DFL-MAT-J0407H,True,True,0,2,False,False,False
DFL-MAT-J0407I,True,True,0,2,False,False,False
DFL-MAT-J0407J,True,True,0,2,False,False,False
DFL-MAT-J0407K,True,True,0,2,False,False,False
DFL-MAT-J0407L,True,True,0,2,False,False,False
DFL-MAT-J0407M,True,True,0,2,False,False,False
DFL-MAT-J0407N,True,True,0,2,False,False,False
DFL-MAT-J0407O,True,True,0,2,False,False,False
DFL-MAT-J0407P,True,True,0,2,False,False,False
DFL-MAT-J0407Q,True,True,0,2,False,False,False
DFL-MAT-J0407R,True,True,0,2,False,False,False
DFL-MAT-J0407S,True,True,0,2,False,False,False
DFL-MAT-J0407T,True,True,0,2,False,False,False
DFL-MAT-J0407U,True,True,0,2,False,False,False
DFL-MAT-J0407V,True,True,0,2,False,False,False
DFL-MAT-J0407W,True,True,0,2,False,False,False
DFL-MAT-J0407X,True,True,0,2,False,False,False
DFL-MAT-J0407Y,True,True,0,2,False,False,False
DFL-MAT-J0407Z,True,True,0,2,False,False,False
DFL-MAT-J04080,True,True,0,2,False,False,False
DFL-MAT-J04081,True,True,0,2,False,False,False
DFL-MAT-J04082,True,True,0,2,False,False,False
DFL-MAT-J04083,True,True,0,2,False,False,False
DFL-MAT-J04084,True,True,0,2,False,False,False
DFL-MAT-J04085,True,True,0,2,False,False,False
DFL-MAT-J04086,True,True,0,2,False,False,False
DFL-MAT-J04087,True,True,0,2,False,False,False
DFL-MAT-J04088,True,True,0,2,False,False,False
DFL-MAT-J04089,True,True,0,2,False,False,False
DFL-MAT-J0408A,True,True,0,2,False,False,False
DFL-MAT-J0408B,True,True,0,2,False,False,False
DFL-MAT-J0408C,True,True,0,2,False,False,False
DFL-MAT-J0408D,True,True,0,2,False,False,False
DFL-MAT-J0408E,True,True,0,2,False,False,False
DFL-MAT-J0408F,True,True,0,2,False,False,False
DFL-MAT-J0408G,True,True,0,2,False,False,False
DFL-MAT-J0408H,True,True,0,2,False,False,False
DFL-MAT-J0408I,True,True,0,2,False,False,False
DFL-MAT-J0408J,True,True,0,2,False,False,False
DFL-MAT-J0408K,True,True,0,2,False,False,False
DFL-MAT-J0408L,True,True,0,2,False,False,False
DFL-MAT-J0408M,True,True,0,2,False,False,False
DFL-MAT-J0408N,True,True,0,2,False,False,False
DFL-MAT-J0408O,True,True,0,2,False,False,False
DFL-MAT-J0408P,True,True,0,2,False,False,False
DFL-MAT-J0408Q,True,True,0,2,False,False,False
DFL-MAT-J0408R,True,True,0,2,False,False,False
DFL-MAT-J0408S,True,True,0,2,False,False,False
DFL-MAT-J0408T,True,True,0,2,False,False,False
DFL-MAT-J0408U,True,True,0,2,False,False,False
DFL-MAT-J0408V,True,True,0,2,False,False,False
DFL-MAT-J0408W,True,True,0,2,False,False,False
DFL-MAT-J0408X,True,True,0,2,False,False,False
DFL-MAT-J0408Y,True,True,0,2,False,False,False
DFL-MAT-J0408Z,True,True,0,2,False,False,False
DFL-MAT-J04090,True,True,0,2,False,False,False
DFL-MAT-J04091,True,True,0,2,False,False,False
DFL-MAT-J04092,True,True,0,2,False,False,False
DFL-MAT-J04093,True,True,0,2,False,False,False
DFL-MAT-J04094,True,True,0,2,False,False,False
DFL-MAT-J04095,True,True,0,2,False,False,False
DFL-MAT-J04096,True,True,0,2,False,False,False
DFL-MAT-J04097,True,True,0,2,False,False,False
DFL-MAT-J04098,True,True,0,2,False,False,False
DFL-MAT-J04099,True,True,0,2,False,False,False
DFL-MAT-J0409A,True,True,0,2,False,False,False
DFL-MAT-J0409B,True,True,0,2,False,False,False
DFL-MAT-J0409C,True,True,0,2,False,False,False
DFL-MAT-J0409D,True,True,0,2,False,False,False
DFL-MAT-J0409E,True,True,0,2,False,False,False
DFL-MAT-J0409F,True,True,0,2,False,False,False
DFL-MAT-J0409G,True,True,0,2,False,False,False
DFL-MAT-J0409H,True,True,0,2,False,False,False
DFL-MAT-J0409I,True,True,0,2,False,False,False
DFL-MAT-J0409J,True,True,0,2,False,False,False
DFL-MAT-J0409K,True,True,0,2,False,False,False
DFL-MAT-J0409L,True,True,0,2,False,False,False
DFL-MAT-J0409M,True,True,0,2,False,False,False
DFL-MAT-J0409N,True,True,0,2,False,False,False
DFL-MAT-J0409O,True,True,0,2,False,False,False
DFL-MAT-J0409P,True,True,0,2,False,False,False
DFL-MAT-J0409Q,True,True,0,2,False,False,False
DFL-MAT-J0409R,True,True,0,2,False,False,False
DFL-MAT-J0409S,True,True,0,2,False,False,False
DFL-MAT-J0409T,True,True,0,2,False,False,False
DFL-MAT-J0409U,True,True,0,2,False,False,False
DFL-MAT-J0409V,True,True,0,2,False,False,False
DFL-MAT-J0409W,True,True,0,2,False,False,False
DFL-MAT-J0409X,True,True,0,2,False,False,False
DFL-MAT-J0409Y,True,True,0,2,False,False,False
DFL-MAT-J0409Z,True,True,0,2,False,False,False
DFL-MAT-J040A0,True,True,0,2,False,False,False
DFL-MAT-J040A1,True,True,0,2,False,False,False
DFL-MAT-J040A2,True,True,0,2,False,False,False
DFL-MAT-J040A3,True,True,0,2,False,False,False
DFL-MAT-J040A4,True,True,0,2,False,False,False
DFL-MAT-J040A5,True,True,0,2,False,False,False
DFL-MAT-J040A6,True,True,0,2,False,False,False
DFL-MAT-J040A7,True,True,0,2,False,False,False
DFL-MAT-J040A8,True,True,0,2,False,False,False
DFL-MAT-J040A9,True,True,0,2,False,False,False
DFL-MAT-J040AA,True,True,0,2,False,False,False
DFL-MAT-J040AB,True,True,0,2,False,False,False
DFL-MAT-J040AC,True,True,0,2,False,False,False
DFL-MAT-J040AD,True,True,0,2,False,False,False
DFL-MAT-J040AE,True,True,0,2,False,False,False
DFL-MAT-J040AF,True,True,0,2,False,False,False
DFL-MAT-J040AG,True,True,0,2,False,False,False
DFL-MAT-J040AH,True,True,0,2,False,False,False
DFL-MAT-J040AI,True,True,0,2,False,False,False
DFL-MAT-J040AJ,True,True,0,2,False,False,False
DFL-MAT-J040AK,True,True,0,2,False,False,False
DFL-MAT-J040AL,True,True,0,2,False,False,False
DFL-MAT-J040AM,True,True,0,2,False,False,False
DFL-MAT-J040AN,True,True,0,2,False,False,False
DFL-MAT-J040AO,True,True,0,2,False,False,False
DFL-MAT-J040AP,True,True,0,2,False,False,False
DFL-MAT-J040AQ,True,True,0,2,False,False,False
DFL-MAT-J040AR,True,True,0,2,False,False,False
DFL-MAT-J040AS,True,True,0,2,False,False,False
DFL-MAT-J040AT,True,True,0,2,False,False,False
DFL-MAT-J040AU,True,True,0,2,False,False,False
DFL-MAT-J040AV,True,True,0,2,False,False,False
DFL-MAT-J040AW,True,True,0,2,False,False,False
DFL-MAT-J040AX,True,True,0,2,False,False,False
DFL-MAT-J040AY,True,True,0,2,False,False,False
DFL-MAT-J040AZ,True,True,0,2,False,False,False
DFL-MAT-J040B0,True,True,0,2,False,False,False
DFL-MAT-J040B1,True,True,0,2,False,False,False
DFL-MAT-J040B2,True,True,0,2,False,False,False
DFL-MAT-J040B3,True,True,0,2,False,False,False
DFL-MAT-J040B4,True,True,0,2,False,False,False
DFL-MAT-J040B5,True,True,0,2,False,False,False
DFL-MAT-J040B6,True,True,0,2,False,False,False
DFL-MAT-J040B7,True,True,0,2,False,False,False
DFL-MAT-J040B8,True,True,0,2,False,False,False
DFL-MAT-J040B9,True,True,0,2,False,False,False
DFL-MAT-J040BA,True,True,0,2,False,False,False
DFL-MAT-J040BB,True,True,0,2,False,False,False
DFL-MAT-J040BC,True,True,0,2,False,False,False
DFL-MAT-J040BD,True,True,0,2,False,False,False
DFL-MAT-J040BE,True,True,0,2,False,False,False
DFL-MAT-J040BF,True,True,0,2,False,False,False
DFL-MAT-J040BG,True,True,0,2,False,False,False
DFL-MAT-J040BH,True,True,0,2,False,False,False
DFL-MAT-J040BI,True,True,0,2,False,False,False
DFL-MAT-J040BJ,True,True,0,2,False,False,False
DFL-MAT-J040BK,True,True,0,2,False,False,False
DFL-MAT-J040BL,True,True,0,2,False,False,False
DFL-MAT-J040BM,True,True,0,2,False,False,False
DFL-MAT-J040BN,True,True,0,2,False,False,False
DFL-MAT-J040BO,True,True,0,2,False,False,False
DFL-MAT-J040BP,True,True,0,2,False,False,False
DFL-MAT-J040BQ,True,True,0,2,False,False,False
DFL-MAT-J040BR,True,True,0,2,False,False,False
DFL-MAT-J040BS,True,True,0,2,False,False,False
DFL-MAT-J040BT,True,True,0,2,False,False,False
DFL-MAT-J040BU,True,True,0,2,False,False,False
DFL-MAT-J040BV,True,True,0,2,False,False,False
DFL-MAT-J040BW,True,True,0,2,False,False,False
DFL-MAT-J040BX,True,True,0,2,False,False,False
DFL-MAT-J040BY,True,True,0,2,False,False,False
DFL-MAT-J040BZ,True,True,0,2,False,False,False
DFL-MAT-J040C0,True,True,0,2,False,False,False
DFL-MAT-J040C1,True,True,0,2,False,False,False
DFL-MAT-J040C2,True,True,0,2,False,False,False
DFL-MAT-J040C3,True,True,0,2,False,False,False
DFL-MAT-J040C4,True,True,0,2,False,False,False
DFL-MAT-J040C5,True,True,0,2,False,False,False
DFL-MAT-J040C6,True,True,0,2,False,False,False
DFL-MAT-J040C7,True,True,0,2,False,False,False
DFL-MAT-J040C8,True,True,0,2,False,False,False
DFL-MAT-J040C9,True,True,0,2,False,False,False
DFL-MAT-J040CA,True,True,0,2,False,False,False
DFL-MAT-J040CB,True,True,0,2,False,False,False
DFL-MAT-J040CC,True,True,0,2,False,False,False
DFL-MAT-J040CD,True,True,0,2,False,False,False
DFL-MAT-J040CE,True,True,0,2,False,False,False
DFL-MAT-J040CF,True,True,0,2,False,False,False
DFL-MAT-J040CG,True,True,0,2,False,False,False
DFL-MAT-J040CH,True,True,0,2,False,False,False
DFL-MAT-J040CI,True,True,0,2,False,False,False
DFL-MAT-J040CJ,True,True,0,2,False,False,False
DFL-MAT-J040CK,True,True,0,2,False,False,False
DFL-MAT-J040CL,True,True,0,2,False,False,False
DFL-MAT-J040CM,True,True,0,2,False,False,False
DFL-MAT-J040CN,True,True,0,2,False,False,False
DFL-MAT-J040CO,True,True,0,2,False,False,False
DFL-MAT-J040CP,True,True,0,2,False,False,False
DFL-MAT-J040CQ,True,True,0,2,False,False,False
DFL-MAT-J040CR,True,True,0,2,False,False,False
DFL-MAT-J040CS,True,True,0,2,False,False,False
DFL-MAT-J040CT,True,True,0,2,False,False,False
DFL-MAT-J040CU,True,True,0,2,False,False,False
DFL-MAT-J040CV,True,True,0,2,False,False,False
DFL-MAT-J040CW,True,True,0,2,False,False,False
DFL-MAT-J040CX,True,True,0,2,False,False,False
DFL-MAT-J040CY,True,True,0,2,False,False,False
DFL-MAT-J040CZ,True,True,0,2,False,False,False
DFL-MAT-J040D0,True,True,0,2,False,False,False
DFL-MAT-J040D1,True,True,0,2,False,False,False
DFL-MAT-J040D2,True,True,0,2,False,False,False
DFL-MAT-J040D3,True,True,0,2,False,False,False
DFL-MAT-J040D4,True,True,0,2,False,False,False
DFL-MAT-J040D5,True,True,0,2,False,False,False
DFL-MAT-J040D6,True,True,0,2,False,False,False
DFL-MAT-J040D7,True,True,0,2,False,False,False
DFL-MAT-J040D8,True,True,0,2,False,False,False
DFL-MAT-J040D9,True,True,0,2,False,False,False
DFL-MAT-J040DA,True,True,0,2,False,False,False
DFL-MAT-J040DB,True,True,0,2,False,False,False
DFL-MAT-J040DC,True,True,0,2,False,False,False
DFL-MAT-J040DD,True,True,0,2,False,False,False
DFL-MAT-J040DE,True,True,0,2,False,False,False
DFL-MAT-J040DF,True,True,0,2,False,False,False
DFL-MAT-J040DG,True,True,0,2,False,False,False
DFL-MAT-J040DH,True,True,0,2,False,False,False
DFL-MAT-J040DI,True,True,0,2,False,False,False
DFL-MAT-J040DJ,True,True,0,2,False,False,False
DFL-MAT-J040DK,True,True,0,2,False,False,False
DFL-MAT-J040DL,True,True,0,2,False,False,False
DFL-MAT-J040DM,True,True,0,2,False,False,False
DFL-MAT-J040DN,True,True,0,2,False,False,False
DFL-MAT-J040DO,True,True,0,2,False,False,False
DFL-MAT-J040DP,True,True,0,2,False,False,False
DFL-MAT-J040DQ,True,True,0,2,False,False,False
DFL-MAT-J040DR,True,True,0,2,False,False,False
DFL-MAT-J040DS,True,True,0,2,False,False,False
DFL-MAT-J040DT,True,True,0,2,False,False,False
DFL-MAT-J040DU,True,True,0,2,False,False,False
DFL-MAT-J040DV,True,True,0,2,False,False,False
DFL-MAT-J040DW,True,True,0,2,False,False,False
DFL-MAT-J040DX,True,True,0,2,False,False,False
DFL-MAT-J040DY,True,True,0,2,False,False,False
DFL-MAT-J040DZ,True,True,0,2,False,False,False
DFL-MAT-J040E0,True,True,0,2,False,False,False
DFL-MAT-J040E1,True,True,0,2,False,False,False
DFL-MAT-J040E2,True,True,0,2,False,False,False
DFL-MAT-J040E3,True,True,0,2,False,False,False
DFL-MAT-J040E4,True,True,0,2,False,False,False
DFL-MAT-J040E5,True,True,0,2,False,False,False
DFL-MAT-J040E6,True,True,0,2,False,False,False
DFL-MAT-J040E7,True,True,0,2,False,False,False
DFL-MAT-J040E8,True,True,0,2,False,False,False
DFL-MAT-J040E9,True,True,0,2,False,False,False
DFL-MAT-J040EA,True,True,0,2,False,False,False
DFL-MAT-J040EB,True,True,0,2,False,False,False
DFL-MAT-J040EC,True,True,0,2,False,False,False
DFL-MAT-J040ED,True,True,0,2,False,False,False
DFL-MAT-J040EE,True,True,0,2,False,False,False
DFL-MAT-J040EF,True,True,0,2,False,False,False
DFL-MAT-J040EG,True,True,0,2,False,False,False
DFL-MAT-J040EH,True,True,0,2,False,False,False
DFL-MAT-J040EI,True,True,0,2,False,False,False
DFL-MAT-J040EJ,True,True,0,2,False,False,False
DFL-MAT-J040EK,True,True,0,2,False,False,False
DFL-MAT-J040EL,True,True,0,2,False,False,False
DFL-MAT-J040EM,True,True,0,2,False,False,False
DFL-MAT-J040EN,True,True,0,2,False,False,False
DFL-MAT-J040EO,True,True,0,2,False,False,False
DFL-MAT-J040EP,True,True,0,2,False,False,False
DFL-MAT-J040EQ,True,True,0,2,False,False,False
DFL-MAT-J040ER,True,True,0,2,False,False,False
DFL-MAT-J040ES,True,True,0,2,False,False,False
DFL-MAT-J040ET,True,True,0,2,False,False,False
DFL-MAT-J040EU,True,True,0,2,False,False,False
DFL-MAT-J040EV,True,True,0,2,False,False,False
DFL-MAT-J040EW,True,True,0,2,False,False,False
DFL-MAT-J040EX,True,True,0,2,False,False,False
DFL-MAT-J040EY,True,True,0,2,False,False,False
DFL-MAT-J040EZ,True,True,0,2,False,False,False
DFL-MAT-J040F0,True,True,0,2,False,False,False
DFL-MAT-J040F1,True,True,0,2,False,False,False
DFL-MAT-J040F2,True,True,0,2,False,False,False
DFL-MAT-J040F3,True,True,0,2,False,False,False
DFL-MAT-J040F4,True,True,0,2,False,False,False
DFL-MAT-J040F5,True,True,0,2,False,False,False
DFL-MAT-J040F6,True,True,0,2,False,False,False
DFL-MAT-J040F7,True,True,0,2,False,False,False
DFL-MAT-J040F8,True,True,0,2,False,False,False
DFL-MAT-J040F9,True,True,0,2,False,False,False
DFL-MAT-J040FA,True,True,0,2,False,False,False
DFL-MAT-J040FB,True,True,0,2,False,False,False
DFL-MAT-J040FC,True,True,0,2,False,False,False
DFL-MAT-J040FD,True,True,0,2,False,False,False
DFL-MAT-J040FE,True,True,0,2,False,False,False
DFL-MAT-J040FF,True,True,0,2,False,False,False
DFL-MAT-J040FG,True,True,0,2,False,False,False
DFL-MAT-J040FH,True,True,0,2,False,False,False
DFL-MAT-J040FI,True,True,0,2,False,False,False
DFL-MAT-J040FJ,True,True,0,2,False,False,False
DFL-MAT-J040FK,True,True,0,2,False,False,False
DFL-MAT-J040FL,True,True,0,2,False,False,False
DFL-MAT-J040FM,True,True,0,2,False,False,False
DFL-MAT-J040FN,True,True,0,2,False,False,False
DFL-MAT-J040FO,True,True,0,2,False,False,False
DFL-MAT-J040FP,True,True,0,2,False,False,False
DFL-MAT-J040FQ,True,True,0,2,False,False,False
DFL-MAT-J040FR,True,True,0,2,False,False,False
DFL-MAT-J040FS,True,True,0,2,False,False,False
DFL-MAT-J040FT,True,True,0,2,False,False,False
DFL-MAT-J040FU,True,True,0,2,False,False,False
DFL-MAT-J040FV,True,True,0,2,False,False,False
DFL-MAT-J040FW,True,True,0,2,False,False,False
DFL-MAT-J040FX,True,True,0,2,False,False,False
DFL-MAT-J040FY,True,True,0,2,False,False,False
DFL-MAT-J040FZ,True,True,0,2,False,False,False
DFL-MAT-J040G0,True,True,0,2,False,False,False
DFL-MAT-J040G1,True,True,0,2,False,False,False
DFL-MAT-J040G2,True,True,0,2,False,False,False
DFL-MAT-J040G3,True,True,0,2,False,False,False
DFL-MAT-J040G4,True,True,0,2,False,False,False
DFL-MAT-J040G5,True,True,0,2,False,False,False
DFL-MAT-J040G6,True,True,0,2,False,False,False
DFL-MAT-J040G7,True,True,0,2,False,False,False
DFL-MAT-J040G8,True,True,0,2,False,False,False
DFL-MAT-J040G9,True,True,0,2,False,False,False
DFL-MAT-J040GA,True,True,0,2,False,False,False
DFL-MAT-J040GB,True,True,0,2,False,False,False
DFL-MAT-J040GC,True,True,0,2,False,False,False
DFL-MAT-J040GD,True,True,0,2,False,False,False
DFL-MAT-J040GE,True,True,0,2,False,False,False
DFL-MAT-J040GF,True,True,0,2,False,False,False
DFL-MAT-J040GG,True,True,0,2,False,False,False
DFL-MAT-J040GH,True,True,0,2,False,False,False
DFL-MAT-J040GI,True,True,0,2,False,False,False
DFL-MAT-J040GJ,True,True,0,2,False,False,False
DFL-MAT-J040GK,True,True,0,2,False,False,False
DFL-MAT-J040GL,True,True,0,2,False,False,False
DFL-MAT-J040GM,True,True,0,2,False,False,False
DFL-MAT-J040GN,True,True,0,2,False,False,False
DFL-MAT-J040GO,True,True,0,2,False,False,False
DFL-MAT-J040GP,True,True,0,2,False,False,False
DFL-MAT-J040GQ,True,True,0,2,False,False,False
DFL-MAT-J040GR,True,True,0,2,False,False,False
DFL-MAT-J040GS,True,True,0,2,False,False,False
DFL-MAT-J040GT,True,True,0,2,False,False,False
DFL-MAT-J040GU,True,True,0,2,False,False,False
DFL-MAT-J040GV,True,True,0,2,False,False,False
DFL-MAT-J040GW,True,True,0,2,False,False,False
DFL-MAT-J040GX,True,True,0,2,False,False,False
DFL-MAT-J040GY,True,True,0,2,False,False,False
DFL-MAT-J040GZ,True,True,0,2,False,False,False
DFL-MAT-J040H0,True,True,0,2,False,False,False
DFL-MAT-J040H1,True,True,0,2,False,False,False
DFL-MAT-J040H2,True,True,0,2,False,False,False
DFL-MAT-J040H3,True,True,0,2,False,False,False
DFL-MAT-J040H4,True,True,0,2,False,False,False
DFL-MAT-J040H5,True,True,0,2,False,False,False
DFL-MAT-J040H6,True,True,0,2,False,False,False
DFL-MAT-J040H7,True,True,0,2,False,False,False
DFL-MAT-J040H8,True,True,0,2,False,False,False
DFL-MAT-J040H9,True,True,0,2,False,False,False
DFL-MAT-J040HA,True,True,0,2,False,False,False
DFL-MAT-J040HB,True,True,0,2,False,False,False
DFL-MAT-J040HC,True,True,0,2,False,False,False
DFL-MAT-J040HD,True,True,0,2,False,False,False
DFL-MAT-J040HE,True,True,0,2,False,False,False
DFL-MAT-J040HF,True,True,0,2,False,False,False
DFL-MAT-J040HG,True,True,0,2,False,False,False
DFL-MAT-J040HH,True,True,0,2,False,False,False
DFL-MAT-J040HI,True,True,0,2,False,False,False
DFL-MAT-J040HJ,True,True,0,2,False,False,False
DFL-MAT-J040HK,True,True,0,2,False,False,False
DFL-MAT-J040HL,True,True,0,2,False,False,False
DFL-MAT-J040HM,True,True,0,2,False,False,False
DFL-MAT-J040HN,True,True,0,2,False,False,False
DFL-MAT-J040HO,True,True,0,2,False,False,False
DFL-MAT-J040HP,True,True,0,2,False,False,False
DFL-MAT-J040HQ,True,True,0,2,False,False,False
DFL-MAT-J040HR,True,True,0,2,False,False,False
DFL-MAT-J040HS,True,True,0,2,False,False,False
DFL-MAT-J040HT,True,True,0,2,False,False,False
DFL-MAT-J040HU,True,True,0,2,False,False,False
DFL-MAT-J040HV,True,True,0,2,False,False,False
DFL-MAT-J040HW,True,True,0,2,False,False,False
DFL-MAT-J040HX,True,True,0,2,False,False,False
DFL-MAT-J040HY,True,True,0,2,False,False,False
DFL-MAT-J040HZ,True,True,0,2,False,False,False
DFL-MAT-J040I0,True,True,0,2,False,False,False
DFL-MAT-J040I1,True,True,0,2,False,False,False
DFL-MAT-J040I2,True,True,0,2,False,False,False
DFL-MAT-J040I3,True,True,0,2,False,False,False
DFL-MAT-J040I4,True,True,0,2,False,False,False
DFL-MAT-J040I5,True,True,0,2,False,False,False
DFL-MAT-J040I6,True,True,0,2,False,False,False
DFL-MAT-J040I7,True,True,0,2,False,False,False
DFL-MAT-J040I8,True,True,0,2,False,False,False
DFL-MAT-J040I9,True,True,0,2,False,False,False
DFL-MAT-J040IA,True,True,0,2,False,False,False
DFL-MAT-J040IB,True,True,0,2,False,False,False
DFL-MAT-J040IC,True,True,0,2,False,False,False
DFL-MAT-J040ID,True,True,0,2,False,False,False
DFL-MAT-J040IE,True,True,0,2,False,False,False
DFL-MAT-J040IF,True,True,0,2,False,False,False
DFL-MAT-J040IG,True,True,0,2,False,False,False
DFL-MAT-J040IH,True,True,0,2,False,False,False
DFL-MAT-J040II,True,True,0,2,False,False,False
DFL-MAT-J040IJ,True,True,0,2,False,False,False
DFL-MAT-J040IK,True,True,0,2,False,False,False
DFL-MAT-J040IL,True,True,0,2,False,False,False
DFL-MAT-J040IM,True,True,0,2,False,False,False
DFL-MAT-J040IN,True,True,0,2,False,False,False
DFL-MAT-J040IO,True,True,0,2,False,False,False
DFL-MAT-J040IP,True,True,0,2,False,False,False
DFL-MAT-J040IQ,True,True,0,2,False,False,False
DFL-MAT-J040IR,True,True,0,2,False,False,False
DFL-MAT-J040IS,True,True,0,2,False,False,False
DFL-MAT-J040IT,True,True,0,2,False,False,False
DFL-MAT-J040IU,True,True,0,2,False,False,False
DFL-MAT-J040IV,True,True,0,2,False,False,False
DFL-MAT-J040IW,True,True,0,2,False,False,False
DFL-MAT-J040IX,True,True,0,2,False,False,False
DFL-MAT-J040IY,True,True,0,2,False,False,False
DFL-MAT-J040IZ,True,True,0,2,False,False,False
DFL-MAT-J040J0,True,True,0,2,False,False,False
DFL-MAT-J040J1,True,True,0,2,False,False,False
DFL-MAT-J040J2,True,True,0,2,False,False,False
DFL-MAT-J040J3,True,True,0,2,False,False,False
DFL-MAT-J040J4,True,True,0,2,False,False,False
DFL-MAT-J040J5,True,True,0,2,False,False,False
DFL-MAT-J040J6,True,True,0,2,False,False,False
DFL-MAT-J040J7,True,True,0,2,False,False,False
DFL-MAT-J040J8,True,True,0,2,False,False,False
DFL-MAT-J040J9,True,True,0,2,False,False,False
DFL-MAT-J040JA,True,True,0,2,False,False,False
DFL-MAT-J040JB,True,True,0,2,False,False,False
DFL-MAT-J040JC,True,True,0,2,False,False,False
DFL-MAT-J040JD,True,True,0,2,False,False,False
DFL-MAT-J040JE,True,True,0,2,False,False,False
DFL-MAT-J040JF,True,True,0,2,False,False,False
DFL-MAT-J040JG,True,True,0,2,False,False,False
DFL-MAT-J040JH,True,True,0,2,False,False,False
DFL-MAT-J040JI,True,True,0,2,False,False,False
DFL-MAT-J040JJ,True,True,0,2,False,False,False
DFL-MAT-J040JK,True,True,0,2,False,False,False
DFL-MAT-J040JL,True,True,0,2,False,False,False
DFL-MAT-J040JM,True,True,0,2,False,False,False
DFL-MAT-J040JN,True,True,0,2,False,False,False
DFL-MAT-J040JO,True,True,0,2,False,False,False
DFL-MAT-J040JP,True,True,0,2,False,False,False
DFL-MAT-J040JQ,True,True,0,2,False,False,False
DFL-MAT-J040JR,True,True,0,2,False,False,False
DFL-MAT-J040JS,True,True,0,2,False,False,False
DFL-MAT-J040JT,True,True,0,2,False,False,False
DFL-MAT-J040JU,True,True,0,2,False,False,False
DFL-MAT-J040JV,True,True,0,2,False,False,False
DFL-MAT-J040JW,True,True,0,2,False,False,False
DFL-MAT-J040JX,True,True,0,2,False,False,False
DFL-MAT-J040JY,True,True,0,2,False,False,False
DFL-MAT-J040JZ,True,True,0,2,False,False,False
DFL-MAT-J040K0,True,True,0,2,False,False,False
DFL-MAT-J040K1,True,True,0,2,False,False,False
DFL-MAT-J040K2,True,True,0,2,False,False,False
DFL-MAT-J040K3,True,True,0,2,False,False,False
