match_id,end_min_first_half,end_min_second_half,duration_first_half,duration_second_half
DFL-MAT-J03WEL,47,91,47,44
DFL-MAT-J03WEM,49,96,49,47
DFL-MAT-J03WEN,47,94,47,47
DFL-MAT-J03WEO,50,95,50,45
DFL-MAT-J03WEP,48,92,48,44
DFL-MAT-J03WEQ,48,95,48,47
DFL-MAT-J03WER,49,98,49,49
DFL-MAT-J03WES,48,91,48,43
DFL-MAT-J03WET,49,98,49,49
DFL-MAT-J03WEU,49,95,49,46
DFL-MAT-J03WEV,52,98,52,46
DFL-MAT-J03WEW,48,93,48,45
DFL-MAT-J03WEX,46,94,46,48
DFL-MAT-J03WEY,48,93,48,45
DFL-MAT-J03WEZ,49,96,49,47
DFL-MAT-J03WF0,47,96,47,49
DFL-MAT-J03WF1,48,95,48,47
DFL-MAT-J03WF2,49,97,49,48
DFL-MAT-J03WF3,49,97,49,48
DFL-MAT-J03WF4,48,93,48,45
DFL-MAT-J03WF5,47,95,47,48
DFL-MAT-J03WF6,47,96,47,49
DFL-MAT-J03WF7,48,98,48,50
DFL-MAT-J03WF8,49,97,49,48
DFL-MAT-J03WF9,48,90,48,42
DFL-MAT-J03WFA,48,95,48,47
DFL-MAT-J03WFB,47,99,47,52
DFL-MAT-J03WFC,48,97,48,49
DFL-MAT-J03WFD,47,96,47,49
DFL-MAT-J03WFE,46,95,46,49
DFL-MAT-J03WFF,49,96,49,47
DFL-MAT-J03WFG,47,95,47,48
DFL-MAT-J03WFH,48,95,48,47
DFL-MAT-J03WFI,46,95,46,49
DFL-MAT-J03WFJ,49,91,49,42
DFL-MAT-J03WFK,48,97,48,49
DFL-MAT-J03WFL,47,94,47,47
DFL-MAT-J03WFM,51,94,51,43
DFL-MAT-J03WFN,46,95,46,49
DFL-MAT-J03WFO,48,96,48,48
DFL-MAT-J03WFP,48,91,48,43
DFL-MAT-J03WFQ,50,93,50,43
DFL-MAT-J03WFR,46,100,46,54
DFL-MAT-J03WFS,47,95,47,48
DFL-MAT-J03WFT,50,94,50,44
DFL-MAT-J03WFU,46,96,46,50
DFL-MAT-J03WFV,47,91,47,44
DFL-MAT-J03WFW,48,93,48,45
DFL-MAT-J03WFX,49,95,49,46
DFL-MAT-J03WFY,51,94,51,43
DFL-MAT-J03WFZ,47,96,47,49
DFL-MAT-J03WG0,47,95,47,48
DFL-MAT-J03WG1,50,97,50,47
DFL-MAT-J03WG2,50,98,50,48
DFL-MAT-J03WG3,47,95,47,48
DFL-MAT-J03WG4,47,94,47,47
DFL-MAT-J03WG5,47,98,47,51
DFL-MAT-J03WG6,47,94,47,47
DFL-MAT-J03WG7,48,95,48,47
DFL-MAT-J03WG8,45,96,45,51
DFL-MAT-J03WG9,46,94,46,48
DFL-MAT-J03WGA,47,95,47,48
DFL-MAT-J03WGB,49,95,49,46
DFL-MAT-J03WGC,46,91,46,45
DFL-MAT-J03WGD,47,91,47,44
DFL-MAT-J03WGE,47,95,47,48
DFL-MAT-J03WGF,48,95,48,47
DFL-MAT-J03WGG,47,95,47,48
DFL-MAT-J03WGH,48,96,48,48
DFL-MAT-J03WGI,47,95,47,48
DFL-MAT-J03WGJ,47,98,47,51
DFL-MAT-J03WGK,46,91,46,45
DFL-MAT-J03WGL,47,96,47,49
DFL-MAT-J03WGM,47,93,47,46
DFL-MAT-J03WGN,46,95,46,49
DFL-MAT-J03WGO,49,97,49,48
DFL-MAT-J03WGP,50,94,50,44
DFL-MAT-J03WGQ,46,95,46,49
DFL-MAT-J03WGR,49,94,49,45
DFL-MAT-J03WGS,48,95,48,47
DFL-MAT-J03WGT,46,94,46,48
DFL-MAT-J03WGU,46,91,46,45
DFL-MAT-J03WGV,47,96,47,49
DFL-MAT-J03WGW,47,95,47,48
DFL-MAT-J03WGX,50,95,50,45
DFL-MAT-J03WGY,50,91,50,41
DFL-MAT-J03WGZ,47,94,47,47
DFL-MAT-J03WH0,48,96,48,48
DFL-MAT-J03WH1,48,91,48,43
DFL-MAT-J03WH2,47,97,47,50
DFL-MAT-J03WH3,47,91,47,44
DFL-MAT-J03WH4,47,95,47,48
DFL-MAT-J03WH5,47,96,47,49
DFL-MAT-J03WH6,48,91,48,43
DFL-MAT-J03WH7,47,96,47,49
DFL-MAT-J03WH8,47,100,47,53
DFL-MAT-J03WH9,47,95,47,48
DFL-MAT-J03WHA,47,95,47,48
DFL-MAT-J03WHB,49,97,49,48
DFL-MAT-J03WHC,49,91,49,42
DFL-MAT-J03WHD,47,94,47,47
DFL-MAT-J03WHE,47,98,47,51
DFL-MAT-J03WHF,46,96,46,50
DFL-MAT-J03WHG,47,96,47,49
DFL-MAT-J03WHH,47,91,47,44
DFL-MAT-J03WHI,49,96,49,47
DFL-MAT-J03WHJ,49,95,49,46
DFL-MAT-J03WHK,48,94,48,46
DFL-MAT-J03WHL,48,93,48,45
DFL-MAT-J03WHM,46,91,46,45
DFL-MAT-J03WHN,45,94,45,49
DFL-MAT-J03WHO,48,93,48,45
DFL-MAT-J03WHP,51,94,51,43
DFL-MAT-J03WHQ,49,95,49,46
DFL-MAT-J03WHR,46,95,46,49
DFL-MAT-J03WHS,48,95,48,47
DFL-MAT-J03WHT,47,95,47,48
DFL-MAT-J03WHU,47,91,47,44
DFL-MAT-J03WHV,49,96,49,47
DFL-MAT-J03WHW,50,94,50,44
DFL-MAT-J03WHX,48,95,48,47
DFL-MAT-J03WHY,48,95,48,47
DFL-MAT-J03WHZ,47,97,47,50
DFL-MAT-J03WI0,48,96,48,48
DFL-MAT-J03WI1,48,99,48,51
DFL-MAT-J03WI2,46,97,46,51
DFL-MAT-J03WI3,46,94,46,48
DFL-MAT-J03WI4,47,90,47,43
DFL-MAT-J03WI5,48,95,48,47
DFL-MAT-J03WI6,52,96,52,44
DFL-MAT-J03WI7,46,95,46,49
DFL-MAT-J03WI8,50,95,50,45
DFL-MAT-J03WI9,48,95,48,47
DFL-MAT-J03WIA,47,93,47,46
DFL-MAT-J03WIB,46,95,46,49
DFL-MAT-J03WIC,50,95,50,45
DFL-MAT-J03WID,48,95,48,47
DFL-MAT-J03WIE,50,97,50,47
DFL-MAT-J03WIF,48,91,48,43
DFL-MAT-J03WIG,48,97,48,49
DFL-MAT-J03WIH,48,97,48,49
DFL-MAT-J03WII,49,94,49,45
DFL-MAT-J03WIJ,48,94,48,46
DFL-MAT-J03WIK,48,95,48,47
DFL-MAT-J03WIL,46,94,46,48
DFL-MAT-J03WIM,48,96,48,48
DFL-MAT-J03WIN,49,94,49,45
DFL-MAT-J03WIO,48,96,48,48
DFL-MAT-J03WIP,51,97,51,46
DFL-MAT-J03WIQ,49,94,49,45
DFL-MAT-J03WIR,49,93,49,44
DFL-MAT-J03WIS,50,93,50,43
DFL-MAT-J03WIT,50,96,50,46
DFL-MAT-J03WIU,48,94,48,46
DFL-MAT-J03WIV,47,95,47,48
DFL-MAT-J03WIW,46,97,46,51
DFL-MAT-J03WIX,48,95,48,47
DFL-MAT-J03WIY,49,95,49,46
DFL-MAT-J03WIZ,50,97,50,47
DFL-MAT-J03WJ0,48,95,48,47
DFL-MAT-J03WJ1,48,94,48,46
DFL-MAT-J03WJ2,49,98,49,49
DFL-MAT-J03WJ3,47,91,47,44
DFL-MAT-J03WJ4,47,97,47,50
DFL-MAT-J03WJ5,48,95,48,47
DFL-MAT-J03WJ6,47,95,47,48
DFL-MAT-J03WJ7,47,95,47,48
DFL-MAT-J03WJ8,48,96,48,48
DFL-MAT-J03WJ9,48,95,48,47
DFL-MAT-J03WJA,47,96,47,49
DFL-MAT-J03WJB,48,95,48,47
DFL-MAT-J03WJC,47,93,47,46
DFL-MAT-J03WJD,48,98,48,50
DFL-MAT-J03WJE,48,98,48,50
DFL-MAT-J03WJF,49,94,49,45
DFL-MAT-J03WJG,48,95,48,47
DFL-MAT-J03WJH,48,94,48,46
DFL-MAT-J03WJI,47,97,47,50
DFL-MAT-J03WJJ,47,98,47,51
DFL-MAT-J03WJK,48,97,48,49
DFL-MAT-J03WJL,50,96,50,46
DFL-MAT-J03WJM,54,96,54,42
DFL-MAT-J03WJN,48,97,48,49
DFL-MAT-J03WJO,49,95,49,46
DFL-MAT-J03WJP,48,95,48,47
DFL-MAT-J03WJQ,48,95,48,47
DFL-MAT-J03WJR,47,97,47,50
DFL-MAT-J03WJS,47,96,47,49
DFL-MAT-J03WJT,48,94,48,46
DFL-MAT-J03WJU,47,93,47,46
DFL-MAT-J03WJV,47,95,47,48
DFL-MAT-J03WJW,47,94,47,47
DFL-MAT-J03WJX,47,97,47,50
DFL-MAT-J03WJY,50,94,50,44
DFL-MAT-J03WJZ,49,98,49,49
DFL-MAT-J03WK0,47,95,47,48
DFL-MAT-J03WK1,47,97,47,50
DFL-MAT-J03WK2,48,93,48,45
DFL-MAT-J03WK3,49,96,49,47
DFL-MAT-J03WK4,47,94,47,47
DFL-MAT-J03WK5,47,93,47,46
DFL-MAT-J03WK6,49,96,49,47
DFL-MAT-J03WK7,46,96,46,50
DFL-MAT-J03WK8,51,96,51,45
DFL-MAT-J03WK9,47,95,47,48
DFL-MAT-J03WKA,47,95,47,48
DFL-MAT-J03WKB,46,96,46,50
DFL-MAT-J03WKC,48,94,48,46
DFL-MAT-J03WKD,46,94,46,48
DFL-MAT-J03WKE,47,96,47,49
DFL-MAT-J03WKF,48,94,48,46
DFL-MAT-J03WKG,47,95,47,48
DFL-MAT-J03WKH,48,95,48,47
DFL-MAT-J03WKI,50,93,50,43
DFL-MAT-J03WKJ,47,93,47,46
DFL-MAT-J03WKK,47,95,47,48
DFL-MAT-J03WKL,48,91,48,43
DFL-MAT-J03WKM,48,98,48,50
DFL-MAT-J03WKN,46,95,46,49
DFL-MAT-J03WKO,48,97,48,49
DFL-MAT-J03WKP,47,94,47,47
DFL-MAT-J03WKQ,46,96,46,50
DFL-MAT-J03WKR,46,95,46,49
DFL-MAT-J03WKS,49,101,49,52
DFL-MAT-J03WKT,46,96,46,50
DFL-MAT-J03WKU,48,95,48,47
DFL-MAT-J03WKV,48,95,48,47
DFL-MAT-J03WKW,49,93,49,44
DFL-MAT-J03WKX,46,95,46,49
DFL-MAT-J03WKY,47,94,47,47
DFL-MAT-J03WKZ,48,95,48,47
DFL-MAT-J03WL0,47,97,47,50
DFL-MAT-J03WL1,47,95,47,48
DFL-MAT-J03WL2,47,97,47,50
DFL-MAT-J03WL3,48,95,48,47
DFL-MAT-J03WL4,49,96,49,47
DFL-MAT-J03WL5,49,96,49,47
DFL-MAT-J03WL6,47,96,47,49
DFL-MAT-J03WL7,47,98,47,51
DFL-MAT-J03WL8,47,94,47,47
DFL-MAT-J03WL9,47,97,47,50
DFL-MAT-J03WLA,51,94,51,43
DFL-MAT-J03WLB,50,95,50,45
DFL-MAT-J03WLC,46,97,46,51
DFL-MAT-J03WLD,48,95,48,47
DFL-MAT-J03WLE,50,95,50,45
DFL-MAT-J03WLF,48,95,48,47
DFL-MAT-J03WLG,49,96,49,47
DFL-MAT-J03WLH,46,94,46,48
DFL-MAT-J03WLI,47,98,47,51
DFL-MAT-J03WLJ,50,99,50,49
DFL-MAT-J03WLK,47,97,47,50
DFL-MAT-J03WLL,48,94,48,46
DFL-MAT-J03WLM,48,95,48,47
DFL-MAT-J03WLN,47,92,47,45
DFL-MAT-J03WLO,48,96,48,48
DFL-MAT-J03WLP,50,97,50,47
DFL-MAT-J03WLQ,50,95,50,45
DFL-MAT-J03WLR,48,93,48,45
DFL-MAT-J03WLS,49,96,49,47
DFL-MAT-J03WLT,48,97,48,49
DFL-MAT-J03WLU,49,94,49,45
DFL-MAT-J03WLV,47,95,47,48
DFL-MAT-J03WLW,47,94,47,47
DFL-MAT-J03WLX,48,96,48,48
DFL-MAT-J03WLY,47,95,47,48
DFL-MAT-J03WLZ,48,95,48,47
DFL-MAT-J03WM0,47,99,47,52
DFL-MAT-J03WM1,48,99,48,51
DFL-MAT-J03WM2,52,96,52,44
DFL-MAT-J03WM3,47,91,47,44
DFL-MAT-J03WM4,48,97,48,49
DFL-MAT-J03WM5,46,96,46,50
DFL-MAT-J03WM6,47,105,47,58
DFL-MAT-J03WM7,49,97,49,48
DFL-MAT-J03WM8,48,95,48,47
DFL-MAT-J03WM9,47,95,47,48
DFL-MAT-J03WMA,48,96,48,48
DFL-MAT-J03WMB,47,96,47,49
DFL-MAT-J03WMC,50,94,50,44
DFL-MAT-J03WMD,47,95,47,48
DFL-MAT-J03WME,47,99,47,52
DFL-MAT-J03WMF,49,98,49,49
DFL-MAT-J03WMG,51,94,51,43
DFL-MAT-J03WMH,47,93,47,46
DFL-MAT-J03WMI,47,94,47,47
DFL-MAT-J03WMJ,49,95,49,46
DFL-MAT-J03WMK,46,96,46,50
DFL-MAT-J03WML,47,96,47,49
DFL-MAT-J03WMM,47,97,47,50
DFL-MAT-J03WMN,47,95,47,48
DFL-MAT-J03WMO,49,96,49,47
DFL-MAT-J03WMP,54,100,54,46
DFL-MAT-J03WMQ,49,95,49,46
DFL-MAT-J03WMR,46,98,46,52
DFL-MAT-J03WMS,48,96,48,48
DFL-MAT-J03WMT,48,93,48,45
DFL-MAT-J03WMU,49,97,49,48
DFL-MAT-J03WMV,49,95,49,46
DFL-MAT-J03WMW,50,94,50,44
DFL-MAT-J03WMX,48,96,48,48
DFL-MAT-J03WMY,51,95,51,44
DFL-MAT-J03WMZ,49,98,49,49
DFL-MAT-J03WN0,51,96,51,45
DFL-MAT-J03WN1,47,94,47,47
DFL-MAT-J03WN2,47,98,47,51
DFL-MAT-J03WN3,48,95,48,47
DFL-MAT-J03WN4,49,94,49,45
DFL-MAT-J03WN5,48,93,48,45
DFL-MAT-J03WN6,47,94,47,47
DFL-MAT-J03WN7,51,95,51,44
DFL-MAT-J03WN8,51,95,51,44
DFL-MAT-J03WN9,49,95,49,46
DFL-MAT-J03WNA,47,95,47,48
DFL-MAT-J03WNB,48,94,48,46
DFL-MAT-J03WNC,49,95,49,46
DFL-MAT-J03WND,49,100,49,51
DFL-MAT-J03WNE,48,97,48,49
DFL-MAT-J03WNF,46,95,46,49
DFL-MAT-J03WNG,47,94,47,47
DFL-MAT-J03WNH,48,94,48,46
DFL-MAT-J03WNI,46,97,46,51
DFL-MAT-J03WNJ,48,96,48,48
DFL-MAT-J03WNK,49,97,49,48
DFL-MAT-J03WNL,47,95,47,48
DFL-MAT-J03WNM,46,96,46,50
DFL-MAT-J03WNN,48,96,48,48
DFL-MAT-J03WNO,47,95,47,48
DFL-MAT-J03WNP,47,95,47,48
DFL-MAT-J03WNQ,49,94,49,45
DFL-MAT-J03WNR,48,96,48,48
DFL-MAT-J03WNS,47,94,47,47
DFL-MAT-J03WNT,48,96,48,48
DFL-MAT-J03WNU,48,96,48,48
DFL-MAT-J03WNV,48,91,48,43
DFL-MAT-J03WNW,48,91,48,43
DFL-MAT-J03WNX,48,93,48,45
DFL-MAT-J03WNY,48,93,48,45
DFL-MAT-J03WNZ,52,97,52,45
DFL-MAT-J03WO0,48,96,48,48
DFL-MAT-J03WO1,49,95,49,46
DFL-MAT-J03WO2,49,96,49,47
DFL-MAT-J03WO3,47,94,47,47
DFL-MAT-J03WO4,47,97,47,50
DFL-MAT-J03WO5,47,95,47,48
DFL-MAT-J03WO6,49,92,49,43
DFL-MAT-J03WO7,47,95,47,48
DFL-MAT-J03WO8,47,96,47,49
DFL-MAT-J03WO9,49,91,49,42
DFL-MAT-J03WOA,48,94,48,46
DFL-MAT-J03WOB,46,95,46,49
DFL-MAT-J03WOC,47,94,47,47
DFL-MAT-J03WOD,47,96,47,49
DFL-MAT-J03WOE,46,97,46,51
DFL-MAT-J03WOF,50,95,50,45
DFL-MAT-J03WOG,47,95,47,48
DFL-MAT-J03WOH,47,90,47,43
DFL-MAT-J03WOI,46,94,46,48
DFL-MAT-J03WOJ,47,93,47,46
DFL-MAT-J03WOK,49,95,49,46
DFL-MAT-J03WOL,46,96,46,50
DFL-MAT-J03WOM,47,96,47,49
DFL-MAT-J03WON,48,96,48,48
DFL-MAT-J03WOO,48,97,48,49
DFL-MAT-J03WOP,47,93,47,46
DFL-MAT-J03WOQ,49,95,49,46
DFL-MAT-J03WOR,46,94,46,48
DFL-MAT-J03WOS,48,94,48,46
DFL-MAT-J03WOT,48,94,48,46
DFL-MAT-J03WOU,47,97,47,50
DFL-MAT-J03WOV,48,91,48,43
DFL-MAT-J03WOW,48,94,48,46
DFL-MAT-J03WOX,46,94,46,48
DFL-MAT-J03WOY,47,94,47,47
DFL-MAT-J03WOZ,50,96,50,46
DFL-MAT-J03WP0,45,94,45,49
DFL-MAT-J03WP1,48,95,48,47
DFL-MAT-J03WP2,47,95,47,48
DFL-MAT-J03WP3,49,95,49,46
DFL-MAT-J03WP4,48,96,48,48
DFL-MAT-J03WP5,47,94,47,47
DFL-MAT-J03WP6,47,95,47,48
DFL-MAT-J03WP7,49,97,49,48
DFL-MAT-J03WP8,47,95,47,48
DFL-MAT-J03WP9,46,101,46,55
DFL-MAT-J03WPA,48,94,48,46
DFL-MAT-J03WPB,47,95,47,48
DFL-MAT-J03WPC,47,95,47,48
DFL-MAT-J03WPD,49,96,49,47
DFL-MAT-J03WPE,48,95,48,47
DFL-MAT-J03WPF,49,94,49,45
DFL-MAT-J03WPG,49,95,49,46
DFL-MAT-J03WPH,48,95,48,47
DFL-MAT-J03WPI,47,90,47,43
DFL-MAT-J03WPJ,48,94,48,46
DFL-MAT-J03WPK,46,95,46,49
DFL-MAT-J03WPL,49,95,49,46
DFL-MAT-J03WPM,46,98,46,52
DFL-MAT-J03WPN,48,95,48,47
DFL-MAT-J03WPO,48,94,48,46
DFL-MAT-J03WPP,47,95,47,48
DFL-MAT-J03WPQ,46,91,46,45
DFL-MAT-J03WPR,47,96,47,49
DFL-MAT-J03WPS,45,94,45,49
DFL-MAT-J03WPT,47,96,47,49
DFL-MAT-J03WPU,54,95,54,41
DFL-MAT-J03WPV,46,94,46,48
DFL-MAT-J03WPW,48,94,48,46
DFL-MAT-J03WPX,50,95,50,45
DFL-MAT-J03WPY,47,97,47,50
DFL-MAT-J03WPZ,48,95,48,47
DFL-MAT-J03WQ0,48,97,48,49
DFL-MAT-J03WQ1,47,96,47,49
DFL-MAT-J03WQ2,49,96,49,47
DFL-MAT-J03WQ3,46,94,46,48
DFL-MAT-J03WQ4,47,98,47,51
DFL-MAT-J03WQ5,48,97,48,49
DFL-MAT-J03WQ6,47,93,47,46
DFL-MAT-J03WQ7,46,93,46,47
DFL-MAT-J03WQ8,47,95,47,48
DFL-MAT-J03WQ9,47,94,47,47
DFL-MAT-J03WQA,47,94,47,47
DFL-MAT-J03WQB,48,94,48,46
DFL-MAT-J03WQC,48,94,48,46
DFL-MAT-J03WQD,46,94,46,48
DFL-MAT-J03WQE,47,96,47,49
DFL-MAT-J03WQF,47,97,47,50
DFL-MAT-J03WQG,51,95,51,44
DFL-MAT-J03WQH,46,94,46,48
DFL-MAT-J03WQI,48,93,48,45
DFL-MAT-J03WQJ,47,95,47,48
DFL-MAT-J03WQK,46,95,46,49
DFL-MAT-J03WQL,46,96,46,50
DFL-MAT-J03WQM,46,94,46,48
DFL-MAT-J03WQN,48,95,48,47
DFL-MAT-J03WQO,47,94,47,47
DFL-MAT-J03WQP,48,95,48,47
DFL-MAT-J03WQQ,47,94,47,47
DFL-MAT-J03WQR,46,93,46,47
DFL-MAT-J03WQS,47,95,47,48
DFL-MAT-J03WQT,47,94,47,47
DFL-MAT-J03WQU,49,97,49,48
DFL-MAT-J03WQV,46,94,46,48
DFL-MAT-J03WQW,50,98,50,48
DFL-MAT-J03WQX,47,95,47,48
DFL-MAT-J03WQY,49,96,49,47
DFL-MAT-J03WQZ,46,95,46,49
DFL-MAT-J03WR0,49,95,49,46
DFL-MAT-J03WR1,47,96,47,49
DFL-MAT-J03WR2,46,94,46,48
DFL-MAT-J03WR3,46,95,46,49
DFL-MAT-J03WR4,47,94,47,47
DFL-MAT-J03WR5,48,95,48,47
DFL-MAT-J03WR6,47,95,47,48
DFL-MAT-J03WR7,52,95,52,43
DFL-MAT-J03WR8,46,94,46,48
DFL-MAT-J03WR9,46,98,46,52
DFL-MAT-J03WRA,49,94,49,45
DFL-MAT-J03WRB,48,93,48,45
DFL-MAT-J03WRC,50,94,50,44
DFL-MAT-J03WRD,48,96,48,48
DFL-MAT-J03WRE,47,95,47,48
DFL-MAT-J03WRF,47,96,47,49
DFL-MAT-J03WRG,48,98,48,50
DFL-MAT-J03WRH,47,95,47,48
DFL-MAT-J03WRI,47,94,47,47
DFL-MAT-J03WRJ,47,99,47,52
DFL-MAT-J03WRK,47,95,47,48
DFL-MAT-J03WRL,50,98,50,48
DFL-MAT-J03WRM,49,94,49,45
DFL-MAT-J03WRN,48,95,48,47
DFL-MAT-J03WRO,47,97,47,50
DFL-MAT-J03WRP,47,92,47,45
DFL-MAT-J03WRQ,53,95,53,42
DFL-MAT-J03WRR,48,95,48,47
DFL-MAT-J03WRS,46,94,46,48
DFL-MAT-J03WRT,48,95,48,47
DFL-MAT-J03WRU,46,95,46,49
DFL-MAT-J03WRV,47,101,47,54
DFL-MAT-J03WRW,48,95,48,47
DFL-MAT-J03WRX,47,96,47,49
DFL-MAT-J03WRY,47,94,47,47
DFL-MAT-J03WRZ,50,97,50,47
DFL-MAT-J03WS0,47,94,47,47
DFL-MAT-J03WS1,50,95,50,45
DFL-MAT-J03WS2,49,95,49,46
DFL-MAT-J03WS3,47,97,47,50
DFL-MAT-J03WS4,49,97,49,48
DFL-MAT-J03WS5,49,92,49,43
DFL-MAT-J03WS6,48,95,48,47
DFL-MAT-J03WS7,53,95,53,42
DFL-MAT-J03WS8,48,93,48,45
DFL-MAT-J03WS9,49,95,49,46
DFL-MAT-J03WSA,48,96,48,48
DFL-MAT-J03WSB,46,95,46,49
DFL-MAT-J03WSC,46,96,46,50
DFL-MAT-J03WSD,48,95,48,47
DFL-MAT-J03WSE,47,94,47,47
DFL-MAT-J03WSF,49,96,49,47
DFL-MAT-J03WSG,48,94,48,46
DFL-MAT-J03WSH,47,98,47,51
DFL-MAT-J03WSI,47,96,47,49
DFL-MAT-J03WSJ,48,95,48,47
DFL-MAT-J03WSK,49,94,49,45
DFL-MAT-J03WSL,48,95,48,47
DFL-MAT-J03WSM,47,96,47,49
DFL-MAT-J03WSN,48,95,48,47
DFL-MAT-J03WSO,46,97,46,51
DFL-MAT-J03WSP,46,96,46,50
DFL-MAT-J03WSQ,53,96,53,43
DFL-MAT-J03WSR,48,96,48,48
DFL-MAT-J03WSS,47,94,47,47
DFL-MAT-J03WST,49,94,49,45
DFL-MAT-J03WSU,46,95,46,49
DFL-MAT-J03WSV,49,95,49,46
DFL-MAT-J03WSW,47,95,47,48
DFL-MAT-J03WSX,50,98,50,48
DFL-MAT-J03WSY,47,95,47,48
DFL-MAT-J03WSZ,48,98,48,50
DFL-MAT-J03WT0,50,96,50,46
DFL-MAT-J03WT1,46,94,46,48
DFL-MAT-J03WT2,51,94,51,43
DFL-MAT-J03WT3,46,98,46,52
DFL-MAT-J03WT4,49,93,49,44
DFL-MAT-J03WT5,50,95,50,45
DFL-MAT-J03WT6,49,94,49,45
DFL-MAT-J03WT7,46,92,46,46
DFL-MAT-J03WT8,47,93,47,46
DFL-MAT-J03WT9,50,93,50,43
DFL-MAT-J03WTA,48,96,48,48
DFL-MAT-J03WTB,51,97,51,46
DFL-MAT-J03WTC,49,96,49,47
DFL-MAT-J03WTD,47,94,47,47
DFL-MAT-J03WTE,46,95,46,49
DFL-MAT-J03WTF,47,96,47,49
DFL-MAT-J03WTG,48,97,48,49
DFL-MAT-J03WTH,48,95,48,47
DFL-MAT-J03WTI,48,95,48,47
DFL-MAT-J03WTJ,47,91,47,44
DFL-MAT-J03WTK,46,96,46,50
DFL-MAT-J03WTL,49,96,49,47
DFL-MAT-J03WTM,48,94,48,46
DFL-MAT-J03WTN,48,95,48,47
DFL-MAT-J03WTO,48,96,48,48
DFL-MAT-J03WTP,47,99,47,52
DFL-MAT-J03WTQ,49,95,49,46
DFL-MAT-J03WTR,49,99,49,50
DFL-MAT-J03WTS,47,97,47,50
DFL-MAT-J03WTT,48,98,48,50
DFL-MAT-J03WTU,49,95,49,46
DFL-MAT-J03WTV,50,94,50,44
DFL-MAT-J03WTW,49,92,49,43
DFL-MAT-J03WTX,49,96,49,47
DFL-MAT-J03WTY,48,96,48,48
DFL-MAT-J03WTZ,49,94,49,45
DFL-MAT-J03WU0,46,96,46,50
DFL-MAT-J03WU1,47,98,47,51
DFL-MAT-J03WU2,46,95,46,49
DFL-MAT-J03WU3,50,97,50,47
DFL-MAT-J03WU4,47,96,47,49
DFL-MAT-J03WU5,46,97,46,51
DFL-MAT-J03WU6,48,94,48,46
DFL-MAT-J03WU7,46,94,46,48
DFL-MAT-J03WU8,48,95,48,47
DFL-MAT-J03WU9,47,96,47,49
DFL-MAT-J03WUA,46,94,46,48
DFL-MAT-J03WUB,48,96,48,48
DFL-MAT-J03WUC,46,95,46,49
DFL-MAT-J03WUD,47,96,47,49
DFL-MAT-J03WUE,47,96,47,49
DFL-MAT-J03WUF,47,93,47,46
DFL-MAT-J03WUG,47,94,47,47
DFL-MAT-J03WUH,48,94,48,46
DFL-MAT-J03WUI,48,97,48,49
DFL-MAT-J03WUJ,49,96,49,47
DFL-MAT-J03WUK,51,94,51,43
DFL-MAT-J03WUL,49,95,49,46
DFL-MAT-J03WUM,48,98,48,50
DFL-MAT-J03WUN,47,97,47,50
DFL-MAT-J03WUO,46,95,46,49
DFL-MAT-J03WUP,50,96,50,46
DFL-MAT-J03WUQ,46,93,46,47
DFL-MAT-J03WUR,48,96,48,48
DFL-MAT-J03WUS,47,95,47,48
DFL-MAT-J03WUT,46,95,46,49
DFL-MAT-J03WUU,47,95,47,48
DFL-MAT-J03WUV,47,94,47,47
DFL-MAT-J03WUW,47,96,47,49
DFL-MAT-J03WUX,46,94,46,48
DFL-MAT-J03WUY,49,96,49,47
DFL-MAT-J03WUZ,47,96,47,49
DFL-MAT-J03WV0,49,96,49,47
DFL-MAT-J03WV1,47,96,47,49
DFL-MAT-J03WV2,47,100,47,53
DFL-MAT-J03WV3,50,93,50,43
DFL-MAT-J03WV4,50,97,50,47
DFL-MAT-J03WV5,49,94,49,45
DFL-MAT-J03WV6,49,95,49,46
DFL-MAT-J03WV7,52,97,52,45
DFL-MAT-J03WV8,48,99,48,51
DFL-MAT-J03WV9,48,94,48,46
DFL-MAT-J03WVA,49,97,49,48
DFL-MAT-J03WVB,48,96,48,48
DFL-MAT-J03WVC,49,91,49,42
DFL-MAT-J03WVD,48,95,48,47
DFL-MAT-J03WVE,48,94,48,46
DFL-MAT-J03WVF,46,92,46,46
DFL-MAT-J03WVG,49,95,49,46
DFL-MAT-J03WVH,48,95,48,47
DFL-MAT-J03WVI,51,105,51,54
DFL-MAT-J03WVJ,48,91,48,43
DFL-MAT-J03WVK,48,92,48,44
DFL-MAT-J03YDU,48,96,48,48
DFL-MAT-J03YDV,48,97,48,49
DFL-MAT-J03YDW,51,96,51,45
DFL-MAT-J03YDX,49,96,49,47
DFL-MAT-J03YDY,49,97,49,48
DFL-MAT-J03YDZ,52,96,52,44
DFL-MAT-J03YE0,52,95,52,43
DFL-MAT-J03YE1,53,99,53,46
DFL-MAT-J03YE2,52,91,52,39
DFL-MAT-J03YE3,49,95,49,46
DFL-MAT-J03YE4,52,96,52,44
DFL-MAT-J03YE5,47,98,47,51
DFL-MAT-J03YE6,50,97,50,47
DFL-MAT-J03YE7,52,94,52,42
DFL-MAT-J03YE8,47,99,47,52
DFL-MAT-J03YE9,47,96,47,49
DFL-MAT-J03YEA,52,97,52,45
DFL-MAT-J03YEB,50,95,50,45
DFL-MAT-J03YEC,48,103,48,55
DFL-MAT-J03YED,47,97,47,50
DFL-MAT-J03YEE,50,95,50,45
DFL-MAT-J03YEF,49,95,49,46
DFL-MAT-J03YEG,49,98,49,49
DFL-MAT-J03YEH,50,99,50,49
DFL-MAT-J03YEI,50,95,50,45
DFL-MAT-J03YEJ,50,95,50,45
DFL-MAT-J03YEK,48,93,48,45
DFL-MAT-J03YEL,48,99,48,51
DFL-MAT-J03YEM,50,94,50,44
DFL-MAT-J03YEN,52,96,52,44
DFL-MAT-J03YEO,48,98,48,50
DFL-MAT-J03YEP,46,98,46,52
DFL-MAT-J03YEQ,49,97,49,48
DFL-MAT-J03YER,47,97,47,50
DFL-MAT-J03YES,49,96,49,47
DFL-MAT-J03YET,49,98,49,49
DFL-MAT-J03YEU,50,93,50,43
DFL-MAT-J03YEV,46,95,46,49
DFL-MAT-J03YEW,51,97,51,46
DFL-MAT-J03YEX,47,97,47,50
DFL-MAT-J03YEY,50,97,50,47
DFL-MAT-J03YEZ,46,96,46,50
DFL-MAT-J03YF0,48,96,48,48
DFL-MAT-J03YF1,50,98,50,48
DFL-MAT-J03YF2,49,97,49,48
DFL-MAT-J03YF3,49,97,49,48
DFL-MAT-J03YF4,49,96,49,47
DFL-MAT-J03YF5,49,96,49,47
DFL-MAT-J03YF6,48,95,48,47
DFL-MAT-J03YF7,49,97,49,48
DFL-MAT-J03YF8,49,97,49,48
DFL-MAT-J03YF9,52,100,52,48
DFL-MAT-J03YFA,46,96,46,50
DFL-MAT-J03YFB,47,96,47,49
DFL-MAT-J03YFC,49,95,49,46
DFL-MAT-J03YFD,52,96,52,44
DFL-MAT-J03YFE,48,96,48,48
DFL-MAT-J03YFF,50,94,50,44
DFL-MAT-J03YFG,49,95,49,46
DFL-MAT-J03YFH,47,96,47,49
DFL-MAT-J03YFI,50,100,50,50
DFL-MAT-J03YFJ,48,99,48,51
DFL-MAT-J03YFK,51,98,51,47
DFL-MAT-J03YFL,48,95,48,47
DFL-MAT-J03YFM,49,96,49,47
DFL-MAT-J03YFN,50,96,50,46
DFL-MAT-J03YFO,48,95,48,47
DFL-MAT-J03YFP,48,96,48,48
DFL-MAT-J03YFQ,49,99,49,50
DFL-MAT-J03YFR,50,94,50,44
DFL-MAT-J03YFS,49,96,49,47
DFL-MAT-J03YFT,49,97,49,48
DFL-MAT-J03YFU,50,92,50,42
DFL-MAT-J03YFV,50,94,50,44
DFL-MAT-J03YFW,46,96,46,50
DFL-MAT-J03YFX,54,96,54,42
DFL-MAT-J03YFY,48,97,48,49
DFL-MAT-J03YFZ,48,97,48,49
DFL-MAT-J03YG0,50,97,50,47
DFL-MAT-J03YG1,52,96,52,44
DFL-MAT-J03YG2,51,98,51,47
DFL-MAT-J03YG3,48,94,48,46
DFL-MAT-J03YG4,47,95,47,48
DFL-MAT-J03YG5,51,97,51,46
DFL-MAT-J03YG6,47,96,47,49
DFL-MAT-J03YG7,49,96,49,47
DFL-MAT-J03YG8,47,98,47,51
DFL-MAT-J03YG9,48,96,48,48
DFL-MAT-J03YGA,48,95,48,47
DFL-MAT-J03YGB,50,97,50,47
DFL-MAT-J03YGC,47,96,47,49
DFL-MAT-J03YGD,52,96,52,44
DFL-MAT-J03YGE,47,92,47,45
DFL-MAT-J03YGF,47,92,47,45
DFL-MAT-J03YGG,48,96,48,48
DFL-MAT-J03YGH,48,96,48,48
DFL-MAT-J03YGI,47,99,47,52
DFL-MAT-J03YGJ,51,96,51,45
DFL-MAT-J03YGK,48,95,48,47
DFL-MAT-J03YGL,50,98,50,48
DFL-MAT-J03YGM,51,96,51,45
DFL-MAT-J03YGN,46,97,46,51
DFL-MAT-J03YGO,50,97,50,47
DFL-MAT-J03YGP,50,96,50,46
DFL-MAT-J03YGQ,49,94,49,45
DFL-MAT-J03YGR,50,96,50,46
DFL-MAT-J03YGS,47,93,47,46
DFL-MAT-J03YGT,46,95,46,49
DFL-MAT-J03YGU,51,97,51,46
DFL-MAT-J03YGV,48,97,48,49
DFL-MAT-J03YGW,49,95,49,46
DFL-MAT-J03YGX,52,97,52,45
DFL-MAT-J03YGY,48,97,48,49
DFL-MAT-J03YGZ,48,97,48,49
DFL-MAT-J03YH0,49,97,49,48
DFL-MAT-J03YH1,47,96,47,49
DFL-MAT-J03YH2,48,96,48,48
DFL-MAT-J03YH3,52,96,52,44
DFL-MAT-J03YH4,50,95,50,45
DFL-MAT-J03YH5,49,94,49,45
DFL-MAT-J03YH6,46,95,46,49
DFL-MAT-J03YH7,47,94,47,47
DFL-MAT-J03YH8,48,96,48,48
DFL-MAT-J03YH9,47,95,47,48
DFL-MAT-J03YHA,49,96,49,47
DFL-MAT-J03YHB,48,96,48,48
DFL-MAT-J03YHC,48,94,48,46
DFL-MAT-J03YHD,49,97,49,48
DFL-MAT-J03YHE,52,96,52,44
DFL-MAT-J03YHF,46,96,46,50
DFL-MAT-J03YHG,48,96,48,48
DFL-MAT-J03YHH,52,95,52,43
DFL-MAT-J03YHI,50,94,50,44
DFL-MAT-J03YHJ,49,97,49,48
DFL-MAT-J03YHK,51,97,51,46
DFL-MAT-J03YHL,47,96,47,49
DFL-MAT-J03YHM,47,97,47,50
DFL-MAT-J03YHN,49,95,49,46
DFL-MAT-J03YHO,47,99,47,52
DFL-MAT-J03YHP,47,95,47,48
DFL-MAT-J03YHQ,48,97,48,49
DFL-MAT-J03YHR,50,96,50,46
DFL-MAT-J03YHS,47,94,47,47
DFL-MAT-J03YHT,47,98,47,51
DFL-MAT-J03YHU,47,94,47,47
DFL-MAT-J03YHV,48,96,48,48
DFL-MAT-J03YHW,46,97,46,51
DFL-MAT-J03YHX,48,95,48,47
DFL-MAT-J03YHY,48,96,48,48
DFL-MAT-J03YHZ,47,94,47,47
DFL-MAT-J03YI0,50,97,50,47
DFL-MAT-J03YI1,47,96,47,49
DFL-MAT-J03YI2,48,95,48,47
DFL-MAT-J03YI3,50,96,50,46
DFL-MAT-J03YI4,50,95,50,45
DFL-MAT-J03YI5,50,96,50,46
DFL-MAT-J03YI6,59,95,59,36
DFL-MAT-J03YI7,56,96,56,40
DFL-MAT-J03YI8,54,95,54,41
DFL-MAT-J03YI9,50,97,50,47
DFL-MAT-J03YIA,50,96,50,46
DFL-MAT-J03YIB,48,98,48,50
DFL-MAT-J03YIC,49,97,49,48
DFL-MAT-J03YID,50,96,50,46
DFL-MAT-J03YIE,47,95,47,48
DFL-MAT-J03YIF,47,96,47,49
DFL-MAT-J03YIG,61,94,61,33
DFL-MAT-J03YIH,52,97,52,45
DFL-MAT-J03YII,52,96,52,44
DFL-MAT-J03YIJ,51,99,51,48
DFL-MAT-J03YIK,51,96,51,45
DFL-MAT-J03YIL,49,95,49,46
DFL-MAT-J03YIM,50,95,50,45
DFL-MAT-J03YIN,58,100,58,42
DFL-MAT-J03YIO,50,97,50,47
DFL-MAT-J03YIP,48,97,48,49
DFL-MAT-J03YIQ,46,96,46,50
DFL-MAT-J03YIR,50,96,50,46
DFL-MAT-J03YIS,46,96,46,50
DFL-MAT-J03YIT,48,95,48,47
DFL-MAT-J03YIU,58,95,58,37
DFL-MAT-J03YIV,73,96,73,23
DFL-MAT-J03YIW,47,96,47,49
DFL-MAT-J03YIX,50,93,50,43
DFL-MAT-J03YIY,65,95,65,30
DFL-MAT-J03YIZ,47,98,47,51
DFL-MAT-J03YJ0,48,98,48,50
DFL-MAT-J03YJ1,50,96,50,46
DFL-MAT-J03YJ2,61,95,61,34
DFL-MAT-J03YJ3,50,96,50,46
DFL-MAT-J03YJ4,54,101,54,47
DFL-MAT-J03YJ5,58,100,58,42
DFL-MAT-J03YJ6,52,105,52,53
DFL-MAT-J03YJ7,47,100,47,53
DFL-MAT-J03YJ8,58,95,58,37
DFL-MAT-J03YJ9,59,99,59,40
DFL-MAT-J03YJA,48,96,48,48
DFL-MAT-J03YJB,71,99,71,28
DFL-MAT-J03YJC,47,95,47,48
DFL-MAT-J03YJD,48,97,48,49
DFL-MAT-J03YJE,49,96,49,47
DFL-MAT-J03YJF,48,95,48,47
DFL-MAT-J03YJG,50,102,50,52
DFL-MAT-J03YJH,52,97,52,45
DFL-MAT-J03YJI,49,99,49,50
DFL-MAT-J03YJJ,49,95,49,46
DFL-MAT-J03YJK,49,96,49,47
DFL-MAT-J03YJL,51,97,51,46
DFL-MAT-J03YJM,47,95,47,48
DFL-MAT-J03YJN,47,98,47,51
DFL-MAT-J03YJO,48,95,48,47
DFL-MAT-J03YJP,49,93,49,44
DFL-MAT-J03YJQ,46,98,46,52
DFL-MAT-J03YJR,50,96,50,46
DFL-MAT-J03YJS,48,98,48,50
DFL-MAT-J03YJT,50,91,50,41
DFL-MAT-J03YJU,53,94,53,41
DFL-MAT-J03YJV,49,95,49,46
DFL-MAT-J03YJW,47,91,47,44
DFL-MAT-J03YJX,49,95,49,46
DFL-MAT-J03YJY,48,96,48,48
DFL-MAT-J03YJZ,48,96,48,48
DFL-MAT-J03YK0,50,96,50,46
DFL-MAT-J03YK1,47,96,47,49
DFL-MAT-J03YK2,49,95,49,46
DFL-MAT-J03YK3,47,97,47,50
DFL-MAT-J03YK4,48,100,48,52
DFL-MAT-J03YK5,47,95,47,48
DFL-MAT-J03YK6,49,94,49,45
DFL-MAT-J03YK7,52,97,52,45
DFL-MAT-J03YK8,49,93,49,44
DFL-MAT-J03YK9,49,94,49,45
DFL-MAT-J03YKA,49,96,49,47
DFL-MAT-J03YKB,48,99,48,51
DFL-MAT-J03YKC,49,96,49,47
DFL-MAT-J03YKD,49,97,49,48
DFL-MAT-J03YKE,48,97,48,49
DFL-MAT-J03YKF,46,98,46,52
DFL-MAT-J03YKG,48,94,48,46
DFL-MAT-J03YKH,50,95,50,45
DFL-MAT-J03YKI,48,95,48,47
DFL-MAT-J03YKJ,49,96,49,47
DFL-MAT-J03YKK,50,99,50,49
DFL-MAT-J03YKL,51,100,51,49
DFL-MAT-J03YKM,53,98,53,45
DFL-MAT-J03YKN,54,96,54,42
DFL-MAT-J03YKO,48,99,48,51
DFL-MAT-J03YKP,47,97,47,50
DFL-MAT-J03YKQ,49,95,49,46
DFL-MAT-J03YKR,47,96,47,49
DFL-MAT-J03YKS,49,93,49,44
DFL-MAT-J03YKT,47,96,47,49
DFL-MAT-J03YKU,47,95,47,48
DFL-MAT-J03YKV,49,96,49,47
DFL-MAT-J03YKW,49,90,49,41
DFL-MAT-J03YKX,46,93,46,47
DFL-MAT-J03YKY,50,98,50,48
DFL-MAT-J03YKZ,47,96,47,49
DFL-MAT-J03YL0,47,96,47,49
DFL-MAT-J03YL1,52,94,52,42
DFL-MAT-J03YL2,49,97,49,48
DFL-MAT-J03YL3,49,99,49,50
DFL-MAT-J03YL4,48,93,48,45
DFL-MAT-J03YL5,49,94,49,45
DFL-MAT-J03YL6,47,97,47,50
DFL-MAT-J03YL7,50,98,50,48
DFL-MAT-J03YL8,49,96,49,47
DFL-MAT-J03YL9,48,96,48,48
DFL-MAT-J03YLA,48,101,48,53
DFL-MAT-J03YLB,49,100,49,51
DFL-MAT-J03YLC,49,96,49,47
DFL-MAT-J03YLD,51,94,51,43
DFL-MAT-J03YLE,48,100,48,52
DFL-MAT-J03YLF,47,98,47,51
DFL-MAT-J03YLG,50,104,50,54
DFL-MAT-J03YLH,46,94,46,48
DFL-MAT-J03YLI,52,96,52,44
DFL-MAT-J03YLJ,48,96,48,48
DFL-MAT-J03YLK,47,96,47,49
DFL-MAT-J03YLL,48,93,48,45
DFL-MAT-J03YLM,48,96,48,48
DFL-MAT-J03YLN,46,95,46,49
DFL-MAT-J03YLO,49,95,49,46
DFL-MAT-J03YLP,47,93,47,46
DFL-MAT-J03YLQ,47,96,47,49
DFL-MAT-J03YLR,47,95,47,48
DFL-MAT-J03YLS,51,95,51,44
DFL-MAT-J03YLT,46,94,46,48
DFL-MAT-J03YLU,46,94,46,48
DFL-MAT-J03YLV,50,96,50,46
DFL-MAT-J03YLW,48,96,48,48
DFL-MAT-J03YLX,47,94,47,47
DFL-MAT-J03YLY,48,95,48,47
DFL-MAT-J03YLZ,51,97,51,46
DFL-MAT-J03YM0,47,95,47,48
DFL-MAT-J03YM1,48,95,48,47
DFL-MAT-J03YM2,50,93,50,43
DFL-MAT-J03YM3,47,91,47,44
DFL-MAT-J03YM4,48,99,48,51
DFL-MAT-J03YM5,48,94,48,46
DFL-MAT-J03YM6,49,104,49,55
DFL-MAT-J03YM7,49,97,49,48
DFL-MAT-J03YM8,48,95,48,47
DFL-MAT-J03YM9,48,97,48,49
DFL-MAT-J03YMA,47,93,47,46
DFL-MAT-J03YMB,48,95,48,47
DFL-MAT-J03YMC,48,100,48,52
DFL-MAT-J03YMD,48,96,48,48
DFL-MAT-J03YME,48,97,48,49
DFL-MAT-J03YMF,51,95,51,44
DFL-MAT-J03YMG,49,93,49,44
DFL-MAT-J03YMH,49,95,49,46
DFL-MAT-J03YMI,48,97,48,49
DFL-MAT-J03YMJ,49,96,49,47
DFL-MAT-J03YMK,46,98,46,52
DFL-MAT-J03YML,49,94,49,45
DFL-MAT-J03YMM,47,96,47,49
DFL-MAT-J03YMN,47,96,47,49
DFL-MAT-J03YMO,48,95,48,47
DFL-MAT-J03YMP,48,96,48,48
DFL-MAT-J03YMQ,47,97,47,50
DFL-MAT-J03YMR,47,95,47,48
DFL-MAT-J03YMS,50,102,50,52
DFL-MAT-J03YMT,48,104,48,56
DFL-MAT-J03YMU,52,95,52,43
DFL-MAT-J03YMV,51,98,51,47
DFL-MAT-J03YMW,48,95,48,47
DFL-MAT-J03YMX,51,97,51,46
DFL-MAT-J03YMY,50,96,50,46
DFL-MAT-J03YMZ,51,101,51,50
DFL-MAT-J03YN0,51,98,51,47
DFL-MAT-J03YN1,50,101,50,51
DFL-MAT-J03YN2,49,98,49,49
DFL-MAT-J03YN3,49,97,49,48
DFL-MAT-J03YN4,49,93,49,44
DFL-MAT-J03YN5,46,96,46,50
DFL-MAT-J03YN6,48,100,48,52
DFL-MAT-J03YN7,50,96,50,46
DFL-MAT-J03YN8,48,96,48,48
DFL-MAT-J03YN9,49,99,49,50
DFL-MAT-J03YNA,49,97,49,48
DFL-MAT-J03YNB,49,96,49,47
DFL-MAT-J03YNC,51,95,51,44
DFL-MAT-J03YND,49,95,49,46
DFL-MAT-J03YNE,50,97,50,47
DFL-MAT-J03YNF,47,98,47,51
DFL-MAT-J03YNG,52,95,52,43
DFL-MAT-J03YNH,49,96,49,47
DFL-MAT-J03YNI,46,102,46,56
DFL-MAT-J03YNJ,47,97,47,50
DFL-MAT-J03YNK,53,97,53,44
DFL-MAT-J03YNL,54,98,54,44
DFL-MAT-J03YNM,52,95,52,43
DFL-MAT-J03YNN,50,96,50,46
DFL-MAT-J03YNO,50,97,50,47
DFL-MAT-J03YNP,50,97,50,47
DFL-MAT-J03YNQ,50,94,50,44
DFL-MAT-J03YNR,48,97,48,49
DFL-MAT-J03YNS,50,97,50,47
DFL-MAT-J03YNT,51,97,51,46
DFL-MAT-J03YNU,49,96,49,47
DFL-MAT-J03YNV,48,94,48,46
DFL-MAT-J03YNW,49,101,49,52
DFL-MAT-J03YNX,49,98,49,49
DFL-MAT-J03YNY,49,96,49,47
DFL-MAT-J03YNZ,52,97,52,45
DFL-MAT-J03YO0,48,96,48,48
DFL-MAT-J03YO1,50,98,50,48
DFL-MAT-J03YO2,48,99,48,51
DFL-MAT-J03YO3,49,96,49,47
DFL-MAT-J03YO4,46,97,46,51
DFL-MAT-J03YO5,47,100,47,53
DFL-MAT-J03YO6,48,94,48,46
DFL-MAT-J03YO7,49,96,49,47
DFL-MAT-J03YO8,47,95,47,48
DFL-MAT-J03YO9,48,98,48,50
DFL-MAT-J03YOA,51,95,51,44
DFL-MAT-J03YOB,51,99,51,48
DFL-MAT-J03YOC,47,97,47,50
DFL-MAT-J03YOD,48,98,48,50
DFL-MAT-J03YOE,47,96,47,49
DFL-MAT-J03YOF,47,95,47,48
DFL-MAT-J03YOG,52,101,52,49
DFL-MAT-J03YOH,49,98,49,49
DFL-MAT-J03YOI,51,95,51,44
DFL-MAT-J03YOJ,48,96,48,48
DFL-MAT-J03YOK,48,99,48,51
DFL-MAT-J03YOL,56,96,56,40
DFL-MAT-J03YOM,52,97,52,45
DFL-MAT-J03YON,50,95,50,45
DFL-MAT-J03YOO,51,95,51,44
DFL-MAT-J03YOP,48,96,48,48
DFL-MAT-J03YOQ,49,97,49,48
DFL-MAT-J03YOR,51,98,51,47
DFL-MAT-J03YOS,51,96,51,45
DFL-MAT-J03YOT,48,97,48,49
DFL-MAT-J03YOU,48,97,48,49
DFL-MAT-J03YOV,49,97,49,48
DFL-MAT-J03YOW,48,96,48,48
DFL-MAT-J03YOX,46,97,46,51
DFL-MAT-J03YOY,48,96,48,48
DFL-MAT-J03YOZ,47,100,47,53
DFL-MAT-J03YP0,50,95,50,45
DFL-MAT-J03YP1,48,100,48,52
DFL-MAT-J03YP2,48,96,48,48
DFL-MAT-J03YP3,51,95,51,44
DFL-MAT-J03YP4,52,96,52,44
DFL-MAT-J03YP5,48,95,48,47
DFL-MAT-J03YP6,48,100,48,52
DFL-MAT-J03YP7,50,97,50,47
DFL-MAT-J03YP8,47,98,47,51
DFL-MAT-J03YP9,49,98,49,49
DFL-MAT-J03YPA,47,95,47,48
DFL-MAT-J03YPB,47,96,47,49
DFL-MAT-J03YPC,50,99,50,49
DFL-MAT-J03YPD,50,96,50,46
DFL-MAT-J03YPE,48,99,48,51
DFL-MAT-J03YPF,47,98,47,51
DFL-MAT-J03YPG,48,97,48,49
DFL-MAT-J03YPH,47,97,47,50
DFL-MAT-J03YPI,46,98,46,52
DFL-MAT-J03YPJ,53,103,53,50
DFL-MAT-J03YPK,48,96,48,48
DFL-MAT-J03YPL,52,99,52,47
DFL-MAT-J03YPM,50,98,50,48
DFL-MAT-J03YPN,48,95,48,47
DFL-MAT-J03YPO,49,94,49,45
DFL-MAT-J03YPP,48,96,48,48
DFL-MAT-J03YPQ,47,94,47,47
DFL-MAT-J03YPR,53,98,53,45
DFL-MAT-J03YPS,50,93,50,43
DFL-MAT-J03YPT,47,95,47,48
DFL-MAT-J03YPU,47,96,47,49
DFL-MAT-J03YPV,50,94,50,44
DFL-MAT-J03YPW,48,100,48,52
DFL-MAT-J03YPX,49,96,49,47
DFL-MAT-J03YPY,48,97,48,49
DFL-MAT-J03YPZ,48,99,48,51
DFL-MAT-J03YQ0,49,95,49,46
DFL-MAT-J03YQ1,49,92,49,43
DFL-MAT-J03YQ2,49,96,49,47
DFL-MAT-J03YQ3,47,101,47,54
DFL-MAT-J03YQ4,50,97,50,47
DFL-MAT-J03YQ5,48,96,48,48
DFL-MAT-J03YQ6,46,94,46,48
DFL-MAT-J03YQ7,49,96,49,47
DFL-MAT-J03YQ8,54,95,54,41
DFL-MAT-J03YQ9,50,99,50,49
DFL-MAT-J03YQA,47,96,47,49
DFL-MAT-J03YQB,48,94,48,46
DFL-MAT-J03YQC,49,94,49,45
DFL-MAT-J03YQD,46,97,46,51
DFL-MAT-J03YQE,47,96,47,49
DFL-MAT-J03YQF,47,98,47,51
DFL-MAT-J03YQG,48,96,48,48
DFL-MAT-J03YQH,55,98,55,43
DFL-MAT-J03YQI,48,97,48,49
DFL-MAT-J03YQJ,51,99,51,48
DFL-MAT-J03YQK,49,99,49,50
DFL-MAT-J03YQL,50,96,50,46
DFL-MAT-J03YQM,49,97,49,48
DFL-MAT-J03YQN,50,94,50,44
DFL-MAT-J03YQO,52,95,52,43
DFL-MAT-J03YQP,49,98,49,49
DFL-MAT-J03YQQ,47,98,47,51
DFL-MAT-J03YQR,47,95,47,48
DFL-MAT-J03YQS,47,93,47,46
DFL-MAT-J03YQT,47,97,47,50
DFL-MAT-J03YQU,51,96,51,45
DFL-MAT-J03YQV,48,95,48,47
DFL-MAT-J03YQW,51,95,51,44
DFL-MAT-J03YQX,52,92,52,40
DFL-MAT-J03YQY,51,95,51,44
DFL-MAT-J03YQZ,47,97,47,50
DFL-MAT-J03YR0,50,97,50,47
DFL-MAT-J03YR1,49,96,49,47
DFL-MAT-J03YR2,47,96,47,49
DFL-MAT-J03YR3,48,95,48,47
DFL-MAT-J03YR4,50,115,50,65
DFL-MAT-J03YR5,51,96,51,45
DFL-MAT-J03YR6,49,99,49,50
DFL-MAT-J03YR7,49,96,49,47
DFL-MAT-J03YR8,57,98,57,41
DFL-MAT-J03YR9,49,98,49,49
DFL-MAT-J03YRA,49,99,49,50
DFL-MAT-J03YRB,53,97,53,44
DFL-MAT-J03YRC,49,109,49,60
DFL-MAT-J03YRD,49,96,49,47
DFL-MAT-J03YRE,47,97,47,50
DFL-MAT-J03YRF,53,95,53,42
DFL-MAT-J03YRG,47,95,47,48
DFL-MAT-J03YRH,51,103,51,52
DFL-MAT-J03YRI,48,95,48,47
DFL-MAT-J03YRJ,57,101,57,44
DFL-MAT-J03YRK,48,100,48,52
DFL-MAT-J03YRL,47,97,47,50
DFL-MAT-J03YRM,50,97,50,47
DFL-MAT-J03YRN,47,95,47,48
DFL-MAT-J03YRO,48,102,48,54
DFL-MAT-J03YRP,47,97,47,50
DFL-MAT-J03YRQ,47,101,47,54
DFL-MAT-J03YRR,52,98,52,46
DFL-MAT-J03YRS,66,95,66,29
DFL-MAT-J03YRT,52,95,52,43
DFL-MAT-J03YRU,46,96,46,50
DFL-MAT-J03YRV,47,95,47,48
DFL-MAT-J03YRW,48,96,48,48
DFL-MAT-J03YRX,47,95,47,48
DFL-MAT-J03YRY,51,93,51,42
DFL-MAT-J03YRZ,48,96,48,48
DFL-MAT-J03YS0,48,96,48,48
DFL-MAT-J03YS1,51,96,51,45
DFL-MAT-J03YS2,47,97,47,50
DFL-MAT-J03YS3,51,99,51,48
DFL-MAT-J03YS4,48,101,48,53
DFL-MAT-J03YS5,51,96,51,45
DFL-MAT-J03YS6,46,99,46,53
DFL-MAT-J03YS7,51,96,51,45
DFL-MAT-J03YS8,48,95,48,47
DFL-MAT-J03YS9,53,93,53,40
DFL-MAT-J03YSA,50,96,50,46
DFL-MAT-J03YSB,49,95,49,46
DFL-MAT-J03YSC,51,99,51,48
DFL-MAT-J03YSD,49,97,49,48
DFL-MAT-J03YSE,48,95,48,47
DFL-MAT-J03YSF,46,95,46,49
DFL-MAT-J03YSG,47,97,47,50
DFL-MAT-J03YSH,47,95,47,48
DFL-MAT-J03YSI,52,95,52,43
DFL-MAT-J03YSJ,47,96,47,49
DFL-MAT-J03YSK,48,94,48,46
DFL-MAT-J03YSL,49,93,49,44
DFL-MAT-J03YSM,47,95,47,48
DFL-MAT-J03YSN,46,96,46,50
DFL-MAT-J03YSO,50,94,50,44
DFL-MAT-J03YSP,48,97,48,49
DFL-MAT-J03YSQ,48,95,48,47
DFL-MAT-J03YSR,46,94,46,48
DFL-MAT-J03YSS,47,96,47,49
DFL-MAT-J03YST,51,96,51,45
DFL-MAT-J03YSU,50,97,50,47
DFL-MAT-J03YSV,50,97,50,47
DFL-MAT-J03YSW,50,95,50,45
DFL-MAT-J03YSX,48,95,48,47
DFL-MAT-J03YSY,48,96,48,48
DFL-MAT-J03YSZ,48,95,48,47
DFL-MAT-J03YT0,48,96,48,48
DFL-MAT-J03YT1,48,95,48,47
DFL-MAT-J03YT2,48,99,48,51
DFL-MAT-J03YT3,47,96,47,49
DFL-MAT-J03YT4,50,94,50,44
DFL-MAT-J03YT5,47,98,47,51
DFL-MAT-J03YT6,49,96,49,47
DFL-MAT-J03YT7,48,98,48,50
DFL-MAT-J03YT8,48,95,48,47
DFL-MAT-J03YT9,48,92,48,44
DFL-MAT-J03YTA,47,94,47,47
DFL-MAT-J03YTB,46,95,46,49
DFL-MAT-J03YTC,48,96,48,48
DFL-MAT-J03YTD,48,95,48,47
DFL-MAT-J03YTE,49,96,49,47
DFL-MAT-J03YTF,50,95,50,45
DFL-MAT-J03YTG,50,95,50,45
DFL-MAT-J03YTH,53,97,53,44
DFL-MAT-J03YTI,48,97,48,49
DFL-MAT-J03YTJ,50,96,50,46
DFL-MAT-J03YTK,50,94,50,44
DFL-MAT-J03YTL,51,97,51,46
DFL-MAT-J03YTM,48,95,48,47
DFL-MAT-J03YTN,48,95,48,47
DFL-MAT-J03YTO,48,95,48,47
DFL-MAT-J03YTP,48,94,48,46
DFL-MAT-J03YTQ,48,97,48,49
DFL-MAT-J03YTR,50,103,50,53
DFL-MAT-J03YTS,47,94,47,47
DFL-MAT-J03YTT,50,95,50,45
DFL-MAT-J03YTU,46,98,46,52
DFL-MAT-J03YTV,48,95,48,47
DFL-MAT-J03YTW,48,97,48,49
DFL-MAT-J03YTX,46,98,46,52
DFL-MAT-J03YTY,50,95,50,45
DFL-MAT-J03YTZ,49,95,49,46
DFL-MAT-J03YU0,47,95,47,48
DFL-MAT-J03YU1,49,94,49,45
DFL-MAT-J03YU2,52,97,52,45
DFL-MAT-J03YU3,50,98,50,48
DFL-MAT-J03YU4,52,95,52,43
DFL-MAT-J03YU5,48,96,48,48
DFL-MAT-J03YU6,48,96,48,48
DFL-MAT-J03YU7,50,97,50,47
DFL-MAT-J03YU8,51,97,51,46
DFL-MAT-J03YU9,48,94,48,46
DFL-MAT-J03YUA,48,95,48,47
DFL-MAT-J03YUB,50,96,50,46
DFL-MAT-J03YUC,51,97,51,46
DFL-MAT-J03YUD,49,95,49,46
DFL-MAT-J03YUE,47,92,47,45
DFL-MAT-J03YUF,48,95,48,47
DFL-MAT-J03YUG,48,98,48,50
DFL-MAT-J03YUH,49,97,49,48
DFL-MAT-J03YUI,49,95,49,46
DFL-MAT-J03YUJ,48,93,48,45
DFL-MAT-J03YUK,47,98,47,51
DFL-MAT-J03YUL,47,96,47,49
DFL-MAT-J03YUM,48,96,48,48
DFL-MAT-J03YUN,47,95,47,48
DFL-MAT-J03YUO,48,94,48,46
DFL-MAT-J03YUP,48,96,48,48
DFL-MAT-J03YUQ,48,97,48,49
DFL-MAT-J03YUR,46,95,46,49
DFL-MAT-J03YUS,46,95,46,49
DFL-MAT-J03YUT,48,96,48,48
DFL-MAT-J04034,50,104,50,54
DFL-MAT-J04035,49,97,49,48
DFL-MAT-J04036,48,94,48,46
DFL-MAT-J04037,50,96,50,46
DFL-MAT-J04038,49,97,49,48
DFL-MAT-J04039,48,96,48,48
DFL-MAT-J0403A,49,96,49,47
DFL-MAT-J0403B,49,98,49,49
DFL-MAT-J0403C,46,94,46,48
DFL-MAT-J0403D,53,99,53,46
DFL-MAT-J0403E,49,98,49,49
DFL-MAT-J0403F,49,97,49,48
DFL-MAT-J0403G,48,97,48,49
DFL-MAT-J0403H,52,94,52,42
DFL-MAT-J0403I,47,96,47,49
DFL-MAT-J0403J,48,95,48,47
DFL-MAT-J0403K,47,95,47,48
DFL-MAT-J0403L,49,100,49,51
DFL-MAT-J0403M,46,95,46,49
DFL-MAT-J0403N,47,97,47,50
DFL-MAT-J0403O,50,96,50,46
DFL-MAT-J0403P,49,95,49,46
DFL-MAT-J0403Q,48,97,48,49
DFL-MAT-J0403R,48,98,48,50
DFL-MAT-J0403S,49,97,49,48
DFL-MAT-J0403T,48,94,48,46
DFL-MAT-J0403U,47,95,47,48
DFL-MAT-J0403V,50,98,50,48
DFL-MAT-J0403W,49,94,49,45
DFL-MAT-J0403X,47,95,47,48
DFL-MAT-J0403Y,49,93,49,44
DFL-MAT-J0403Z,47,93,47,46
DFL-MAT-J04040,48,103,48,55
DFL-MAT-J04041,49,95,49,46
DFL-MAT-J04042,49,95,49,46
DFL-MAT-J04043,47,94,47,47
DFL-MAT-J04044,46,97,46,51
DFL-MAT-J04045,48,92,48,44
DFL-MAT-J04046,48,93,48,45
DFL-MAT-J04047,50,98,50,48
DFL-MAT-J04048,48,97,48,49
DFL-MAT-J04049,47,99,47,52
DFL-MAT-J0404A,49,97,49,48
DFL-MAT-J0404B,47,99,47,52
DFL-MAT-J0404C,49,96,49,47
DFL-MAT-J0404D,51,98,51,47
DFL-MAT-J0404E,50,99,50,49
DFL-MAT-J0404F,48,98,48,50
DFL-MAT-J0404G,46,96,46,50
DFL-MAT-J0404H,47,96,47,49
DFL-MAT-J0404I,46,96,46,50
DFL-MAT-J0404J,49,98,49,49
DFL-MAT-J0404K,50,97,50,47
DFL-MAT-J0404L,49,96,49,47
DFL-MAT-J0404M,49,96,49,47
DFL-MAT-J0404N,46,94,46,48
DFL-MAT-J0404O,48,98,48,50
DFL-MAT-J0404P,47,95,47,48
DFL-MAT-J0404Q,48,95,48,47
DFL-MAT-J0404R,51,99,51,48
DFL-MAT-J0404S,47,96,47,49
DFL-MAT-J0404T,48,97,48,49
DFL-MAT-J0404U,49,97,49,48
DFL-MAT-J0404V,47,96,47,49
DFL-MAT-J0404W,47,95,47,48
DFL-MAT-J0404X,48,94,48,46
DFL-MAT-J0404Y,48,97,48,49
DFL-MAT-J0404Z,49,101,49,52
DFL-MAT-J04050,50,95,50,45
DFL-MAT-J04051,50,97,50,47
DFL-MAT-J04052,48,95,48,47
DFL-MAT-J04053,48,95,48,47
DFL-MAT-J04054,47,94,47,47
DFL-MAT-J04055,49,93,49,44
DFL-MAT-J04056,50,98,50,48
DFL-MAT-J04057,50,94,50,44
DFL-MAT-J04058,47,95,47,48
DFL-MAT-J04059,46,95,46,49
DFL-MAT-J0405A,47,95,47,48
DFL-MAT-J0405B,48,95,48,47
DFL-MAT-J0405C,49,95,49,46
DFL-MAT-J0405D,49,100,49,51
DFL-MAT-J0405E,47,94,47,47
DFL-MAT-J0405F,48,97,48,49
DFL-MAT-J0405G,49,95,49,46
DFL-MAT-J0405H,47,94,47,47
DFL-MAT-J0405I,49,94,49,45
DFL-MAT-J0405J,49,94,49,45
DFL-MAT-J0405K,48,96,48,48
DFL-MAT-J0405L,47,94,47,47
DFL-MAT-J0405M,52,93,52,41
DFL-MAT-J0405N,46,94,46,48
DFL-MAT-J0405O,49,96,49,47
DFL-MAT-J0405P,47,93,47,46
DFL-MAT-J0405Q,48,95,48,47
DFL-MAT-J0405R,47,95,47,48
DFL-MAT-J0405S,48,97,48,49
DFL-MAT-J0405T,47,94,47,47
DFL-MAT-J0405U,49,93,49,44
DFL-MAT-J0405V,48,95,48,47
DFL-MAT-J0405W,49,96,49,47
DFL-MAT-J0405X,47,95,47,48
DFL-MAT-J0405Y,50,97,50,47
DFL-MAT-J0405Z,48,95,48,47
DFL-MAT-J04060,47,98,47,51
DFL-MAT-J04061,47,94,47,47
DFL-MAT-J04062,47,95,47,48
DFL-MAT-J04063,50,94,50,44
DFL-MAT-J04064,48,95,48,47
DFL-MAT-J04065,47,98,47,51
DFL-MAT-J04066,46,94,46,48
DFL-MAT-J04067,52,97,52,45
DFL-MAT-J04068,47,95,47,48
DFL-MAT-J04069,49,97,49,48
DFL-MAT-J0406A,47,99,47,52
DFL-MAT-J0406B,48,95,48,47
DFL-MAT-J0406C,47,94,47,47
DFL-MAT-J0406D,47,95,47,48
DFL-MAT-J0406E,47,95,47,48
DFL-MAT-J0406F,48,95,48,47
DFL-MAT-J0406G,47,96,47,49
DFL-MAT-J0406H,48,94,48,46
DFL-MAT-J0406I,48,96,48,48
DFL-MAT-J0406J,48,95,48,47
DFL-MAT-J0406K,50,97,50,47
DFL-MAT-J0406L,48,97,48,49
DFL-MAT-J0406M,50,92,50,42
DFL-MAT-J0406N,48,96,48,48
DFL-MAT-J0406O,48,93,48,45
DFL-MAT-J0406P,50,96,50,46
DFL-MAT-J0406Q,49,95,49,46
DFL-MAT-J0406R,50,98,50,48
DFL-MAT-J0406S,47,98,47,51
DFL-MAT-J0406T,46,98,46,52
DFL-MAT-J0406U,50,94,50,44
DFL-MAT-J0406V,48,96,48,48
DFL-MAT-J0406W,48,96,48,48
DFL-MAT-J0406X,48,97,48,49
DFL-MAT-J0406Y,50,93,50,43
DFL-MAT-J0406Z,48,96,48,48
DFL-MAT-J04070,49,96,49,47
DFL-MAT-J04071,54,94,54,40
DFL-MAT-J04072,46,96,46,50
DFL-MAT-J04073,48,97,48,49
DFL-MAT-J04074,47,94,47,47
DFL-MAT-J04075,49,96,49,47
DFL-MAT-J04076,49,94,49,45
DFL-MAT-J04077,49,91,49,42
DFL-MAT-J04078,49,97,49,48
DFL-MAT-J04079,49,93,49,44
DFL-MAT-J0407A,47,93,47,46
DFL-MAT-J0407B,47,98,47,51
DFL-MAT-J0407C,50,99,50,49
DFL-MAT-J0407D,47,94,47,47
DFL-MAT-J0407E,51,91,51,40
DFL-MAT-J0407F,51,95,51,44
DFL-MAT-J0407G,47,96,47,49
DFL-MAT-J0407H,48,97,48,49
DFL-MAT-J0407I,51,95,51,44
DFL-MAT-J0407J,48,95,48,47
DFL-MAT-J0407K,49,95,49,46
DFL-MAT-J0407L,48,102,48,54
DFL-MAT-J0407M,49,96,49,47
DFL-MAT-J0407N,50,96,50,46
DFL-MAT-J0407O,50,98,50,48
DFL-MAT-J0407P,47,96,47,49
DFL-MAT-J0407Q,47,93,47,46
DFL-MAT-J0407R,47,95,47,48
DFL-MAT-J0407S,50,96,50,46
DFL-MAT-J0407T,47,95,47,48
DFL-MAT-J0407U,46,95,46,49
DFL-MAT-J0407V,50,96,50,46
DFL-MAT-J0407W,47,97,47,50
DFL-MAT-J0407X,49,95,49,46
DFL-MAT-J0407Y,48,97,48,49
DFL-MAT-J0407Z,47,95,47,48
DFL-MAT-J04080,51,98,51,47
DFL-MAT-J04081,47,97,47,50
DFL-MAT-J04082,47,95,47,48
DFL-MAT-J04083,47,98,47,51
DFL-MAT-J04084,47,98,47,51
DFL-MAT-J04085,47,94,47,47
DFL-MAT-J04086,47,97,47,50
DFL-MAT-J04087,48,94,48,46
DFL-MAT-J04088,49,95,49,46
DFL-MAT-J04089,48,98,48,50
DFL-MAT-J0408A,53,96,53,43
DFL-MAT-J0408B,49,95,49,46
DFL-MAT-J0408C,53,96,53,43
DFL-MAT-J0408D,48,95,48,47
DFL-MAT-J0408E,51,97,51,46
DFL-MAT-J0408F,50,96,50,46
DFL-MAT-J0408G,46,95,46,49
DFL-MAT-J0408H,49,95,49,46
DFL-MAT-J0408I,46,95,46,49
DFL-MAT-J0408J,52,97,52,45
DFL-MAT-J0408K,47,95,47,48
DFL-MAT-J0408L,49,97,49,48
DFL-MAT-J0408M,52,93,52,41
DFL-MAT-J0408N,49,99,49,50
DFL-MAT-J0408O,47,91,47,44
DFL-MAT-J0408P,47,94,47,47
DFL-MAT-J0408Q,49,93,49,44
DFL-MAT-J0408R,47,96,47,49
DFL-MAT-J0408S,47,97,47,50
DFL-MAT-J0408T,51,94,51,43
DFL-MAT-J0408U,48,94,48,46
DFL-MAT-J0408V,51,98,51,47
DFL-MAT-J0408W,50,95,50,45
DFL-MAT-J0408X,48,93,48,45
DFL-MAT-J0408Y,47,92,47,45
DFL-MAT-J0408Z,47,95,47,48
DFL-MAT-J04090,48,93,48,45
DFL-MAT-J04091,48,98,48,50
DFL-MAT-J04092,47,95,47,48
DFL-MAT-J04093,47,95,47,48
DFL-MAT-J04094,49,99,49,50
DFL-MAT-J04095,49,96,49,47
DFL-MAT-J04096,49,99,49,50
DFL-MAT-J04097,47,96,47,49
DFL-MAT-J04098,48,97,48,49
DFL-MAT-J04099,47,93,47,46
DFL-MAT-J0409A,48,96,48,48
DFL-MAT-J0409B,49,95,49,46
DFL-MAT-J0409C,47,94,47,47
DFL-MAT-J0409D,46,96,46,50
DFL-MAT-J0409E,49,95,49,46
DFL-MAT-J0409F,47,95,47,48
DFL-MAT-J0409G,49,97,49,48
DFL-MAT-J0409H,46,98,46,52
DFL-MAT-J0409I,50,94,50,44
DFL-MAT-J0409J,47,96,47,49
DFL-MAT-J0409K,47,98,47,51
DFL-MAT-J0409L,47,97,47,50
DFL-MAT-J0409M,46,96,46,50
DFL-MAT-J0409N,49,95,49,46
DFL-MAT-J0409O,48,96,48,48
DFL-MAT-J0409P,49,95,49,46
DFL-MAT-J0409Q,47,95,47,48
DFL-MAT-J0409R,49,97,49,48
DFL-MAT-J0409S,53,97,53,44
DFL-MAT-J0409T,48,95,48,47
DFL-MAT-J0409U,48,96,48,48
DFL-MAT-J0409V,48,95,48,47
DFL-MAT-J0409W,47,95,47,48
DFL-MAT-J0409X,47,96,47,49
DFL-MAT-J0409Y,50,93,50,43
DFL-MAT-J0409Z,48,96,48,48
DFL-MAT-J040A0,48,95,48,47
DFL-MAT-J040A1,48,95,48,47
DFL-MAT-J040A2,46,92,46,46
DFL-MAT-J040A3,48,94,48,46
DFL-MAT-J040A4,48,97,48,49
DFL-MAT-J040A5,47,96,47,49
DFL-MAT-J040A6,48,95,48,47
DFL-MAT-J040A7,47,92,47,45
DFL-MAT-J040A8,49,97,49,48
DFL-MAT-J040A9,48,96,48,48
DFL-MAT-J040AA,49,94,49,45
DFL-MAT-J040AB,47,99,47,52
DFL-MAT-J040AC,48,96,48,48
DFL-MAT-J040AD,47,99,47,52
DFL-MAT-J040AE,50,96,50,46
DFL-MAT-J040AF,47,92,47,45
DFL-MAT-J040AG,46,99,46,53
DFL-MAT-J040AH,50,95,50,45
DFL-MAT-J040AI,47,93,47,46
DFL-MAT-J040AJ,51,97,51,46
DFL-MAT-J040AK,52,93,52,41
DFL-MAT-J040AL,46,95,46,49
DFL-MAT-J040AM,49,94,49,45
DFL-MAT-J040AN,48,95,48,47
DFL-MAT-J040AO,48,95,48,47
DFL-MAT-J040AP,49,95,49,46
DFL-MAT-J040AQ,50,104,50,54
DFL-MAT-J040AR,49,95,49,46
DFL-MAT-J040AS,47,96,47,49
DFL-MAT-J040AT,47,101,47,54
DFL-MAT-J040AU,49,100,49,51
DFL-MAT-J040AV,48,97,48,49
DFL-MAT-J040AW,48,93,48,45
DFL-MAT-J040AX,49,105,49,56
DFL-MAT-J040AY,46,96,46,50
DFL-MAT-J040AZ,49,95,49,46
DFL-MAT-J040B0,55,95,55,40
DFL-MAT-J040B1,47,95,47,48
DFL-MAT-J040B2,49,94,49,45
DFL-MAT-J040B3,48,99,48,51
DFL-MAT-J040B4,51,95,51,44
DFL-MAT-J040B5,52,93,52,41
DFL-MAT-J040B6,46,93,46,47
DFL-MAT-J040B7,49,97,49,48
DFL-MAT-J040B8,50,95,50,45
DFL-MAT-J040B9,47,95,47,48
DFL-MAT-J040BA,46,93,46,47
DFL-MAT-J040BB,48,94,48,46
DFL-MAT-J040BC,51,99,51,48
DFL-MAT-J040BD,48,96,48,48
DFL-MAT-J040BE,48,93,48,45
DFL-MAT-J040BF,47,92,47,45
DFL-MAT-J040BG,47,93,47,46
DFL-MAT-J040BH,51,101,51,50
DFL-MAT-J040BI,47,96,47,49
DFL-MAT-J040BJ,54,98,54,44
DFL-MAT-J040BK,48,95,48,47
DFL-MAT-J040BL,49,91,49,42
DFL-MAT-J040BM,48,99,48,51
DFL-MAT-J040BN,47,97,47,50
DFL-MAT-J040BO,50,97,50,47
DFL-MAT-J040BP,48,95,48,47
DFL-MAT-J040BQ,50,96,50,46
DFL-MAT-J040BR,49,96,49,47
DFL-MAT-J040BS,48,95,48,47
DFL-MAT-J040BT,49,98,49,49
DFL-MAT-J040BU,49,98,49,49
DFL-MAT-J040BV,47,94,47,47
DFL-MAT-J040BW,47,95,47,48
DFL-MAT-J040BX,49,94,49,45
DFL-MAT-J040BY,50,98,50,48
DFL-MAT-J040BZ,49,94,49,45
DFL-MAT-J040C0,54,95,54,41
DFL-MAT-J040C1,52,97,52,45
DFL-MAT-J040C2,48,94,48,46
DFL-MAT-J040C3,48,97,48,49
DFL-MAT-J040C4,47,94,47,47
DFL-MAT-J040C5,47,96,47,49
DFL-MAT-J040C6,47,97,47,50
DFL-MAT-J040C7,46,97,46,51
DFL-MAT-J040C8,47,97,47,50
DFL-MAT-J040C9,48,97,48,49
DFL-MAT-J040CA,51,98,51,47
DFL-MAT-J040CB,48,96,48,48
DFL-MAT-J040CC,50,95,50,45
DFL-MAT-J040CD,46,96,46,50
DFL-MAT-J040CE,48,94,48,46
DFL-MAT-J040CF,47,101,47,54
DFL-MAT-J040CG,48,100,48,52
DFL-MAT-J040CH,49,119,49,70
DFL-MAT-J040CI,50,93,50,43
DFL-MAT-J040CJ,48,96,48,48
DFL-MAT-J040CK,50,96,50,46
DFL-MAT-J040CL,48,95,48,47
DFL-MAT-J040CM,48,95,48,47
DFL-MAT-J040CN,50,99,50,49
DFL-MAT-J040CO,50,95,50,45
DFL-MAT-J040CP,50,95,50,45
DFL-MAT-J040CQ,48,95,48,47
DFL-MAT-J040CR,48,98,48,50
DFL-MAT-J040CS,54,94,54,40
DFL-MAT-J040CT,50,103,50,53
DFL-MAT-J040CU,46,97,46,51
DFL-MAT-J040CV,49,97,49,48
DFL-MAT-J040CW,49,95,49,46
DFL-MAT-J040CX,50,98,50,48
DFL-MAT-J040CY,47,96,47,49
DFL-MAT-J040CZ,49,97,49,48
DFL-MAT-J040D0,50,97,50,47
DFL-MAT-J040D1,48,96,48,48
DFL-MAT-J040D2,46,97,46,51
DFL-MAT-J040D3,54,93,54,39
DFL-MAT-J040D4,49,96,49,47
DFL-MAT-J040D5,47,96,47,49
DFL-MAT-J040D6,50,95,50,45
DFL-MAT-J040D7,48,96,48,48
DFL-MAT-J040D8,48,96,48,48
DFL-MAT-J040D9,47,94,47,47
DFL-MAT-J040DA,50,106,50,56
DFL-MAT-J040DB,49,98,49,49
DFL-MAT-J040DC,47,96,47,49
DFL-MAT-J040DD,46,96,46,50
DFL-MAT-J040DE,47,95,47,48
DFL-MAT-J040DF,48,97,48,49
DFL-MAT-J040DG,47,93,47,46
DFL-MAT-J040DH,49,94,49,45
DFL-MAT-J040DI,51,96,51,45
DFL-MAT-J040DJ,48,98,48,50
DFL-MAT-J040DK,47,96,47,49
DFL-MAT-J040DL,50,98,50,48
DFL-MAT-J040DM,48,95,48,47
DFL-MAT-J040DN,47,96,47,49
DFL-MAT-J040DO,47,97,47,50
DFL-MAT-J040DP,49,95,49,46
DFL-MAT-J040DQ,46,98,46,52
DFL-MAT-J040DR,46,95,46,49
DFL-MAT-J040DS,46,95,46,49
DFL-MAT-J040DT,50,95,50,45
DFL-MAT-J040DU,52,95,52,43
DFL-MAT-J040DV,46,94,46,48
DFL-MAT-J040DW,46,94,46,48
DFL-MAT-J040DX,49,96,49,47
DFL-MAT-J040DY,49,96,49,47
DFL-MAT-J040DZ,51,96,51,45
DFL-MAT-J040E0,47,100,47,53
DFL-MAT-J040E1,49,97,49,48
DFL-MAT-J040E2,49,94,49,45
DFL-MAT-J040E3,51,96,51,45
DFL-MAT-J040E4,51,93,51,42
DFL-MAT-J040E5,47,96,47,49
DFL-MAT-J040E6,46,96,46,50
DFL-MAT-J040E7,50,92,50,42
DFL-MAT-J040E8,49,97,49,48
DFL-MAT-J040E9,49,96,49,47
DFL-MAT-J040EA,48,94,48,46
DFL-MAT-J040EB,48,97,48,49
DFL-MAT-J040EC,50,95,50,45
DFL-MAT-J040ED,47,97,47,50
DFL-MAT-J040EE,49,95,49,46
DFL-MAT-J040EF,46,96,46,50
DFL-MAT-J040EG,47,98,47,51
DFL-MAT-J040EH,47,95,47,48
DFL-MAT-J040EI,52,93,52,41
DFL-MAT-J040EJ,47,94,47,47
DFL-MAT-J040EK,47,95,47,48
DFL-MAT-J040EL,48,96,48,48
DFL-MAT-J040EM,46,96,46,50
DFL-MAT-J040EN,47,95,47,48
DFL-MAT-J040EO,46,94,46,48
DFL-MAT-J040EP,48,97,48,49
DFL-MAT-J040EQ,48,96,48,48
DFL-MAT-J040ER,50,97,50,47
DFL-MAT-J040ES,49,98,49,49
DFL-MAT-J040ET,49,97,49,48
DFL-MAT-J040EU,47,96,47,49
DFL-MAT-J040EV,48,95,48,47
DFL-MAT-J040EW,46,96,46,50
DFL-MAT-J040EX,47,95,47,48
DFL-MAT-J040EY,48,97,48,49
DFL-MAT-J040EZ,48,95,48,47
DFL-MAT-J040F0,46,98,46,52
DFL-MAT-J040F1,48,94,48,46
DFL-MAT-J040F2,48,94,48,46
DFL-MAT-J040F3,54,94,54,40
DFL-MAT-J040F4,47,93,47,46
DFL-MAT-J040F5,48,95,48,47
DFL-MAT-J040F6,48,95,48,47
DFL-MAT-J040F7,51,95,51,44
DFL-MAT-J040F8,47,96,47,49
DFL-MAT-J040F9,48,94,48,46
DFL-MAT-J040FA,49,96,49,47
DFL-MAT-J040FB,47,95,47,48
DFL-MAT-J040FC,49,97,49,48
DFL-MAT-J040FD,48,94,48,46
DFL-MAT-J040FE,48,93,48,45
DFL-MAT-J040FF,48,94,48,46
DFL-MAT-J040FG,47,96,47,49
DFL-MAT-J040FH,48,95,48,47
DFL-MAT-J040FI,45,93,45,48
DFL-MAT-J040FJ,49,96,49,47
DFL-MAT-J040FK,46,93,46,47
DFL-MAT-J040FL,49,97,49,48
DFL-MAT-J040FM,48,95,48,47
DFL-MAT-J040FN,48,92,48,44
DFL-MAT-J040FO,50,96,50,46
DFL-MAT-J040FP,50,96,50,46
DFL-MAT-J040FQ,47,96,47,49
DFL-MAT-J040FR,50,95,50,45
DFL-MAT-J040FS,47,95,47,48
DFL-MAT-J040FT,47,93,47,46
DFL-MAT-J040FU,46,99,46,53
DFL-MAT-J040FV,47,96,47,49
DFL-MAT-J040FW,49,96,49,47
DFL-MAT-J040FX,51,97,51,46
DFL-MAT-J040FY,48,95,48,47
DFL-MAT-J040FZ,48,96,48,48
DFL-MAT-J040G0,47,95,47,48
DFL-MAT-J040G1,47,98,47,51
DFL-MAT-J040G2,49,96,49,47
DFL-MAT-J040G3,50,95,50,45
DFL-MAT-J040G4,47,96,47,49
DFL-MAT-J040G5,51,95,51,44
DFL-MAT-J040G6,47,97,47,50
DFL-MAT-J040G7,47,95,47,48
DFL-MAT-J040G8,49,99,49,50
DFL-MAT-J040G9,47,98,47,51
DFL-MAT-J040GA,48,96,48,48
DFL-MAT-J040GB,47,96,47,49
DFL-MAT-J040GC,48,93,48,45
DFL-MAT-J040GD,50,96,50,46
DFL-MAT-J040GE,48,95,48,47
DFL-MAT-J040GF,52,96,52,44
DFL-MAT-J040GG,48,94,48,46
DFL-MAT-J040GH,47,96,47,49
DFL-MAT-J040GI,48,94,48,46
DFL-MAT-J040GJ,48,96,48,48
DFL-MAT-J040GK,48,95,48,47
DFL-MAT-J040GL,49,95,49,46
DFL-MAT-J040GM,47,95,47,48
DFL-MAT-J040GN,54,93,54,39
DFL-MAT-J040GO,54,96,54,42
DFL-MAT-J040GP,47,95,47,48
DFL-MAT-J040GQ,50,96,50,46
DFL-MAT-J040GR,46,97,46,51
DFL-MAT-J040GS,49,98,49,49
DFL-MAT-J040GT,45,97,45,52
DFL-MAT-J040GU,49,98,49,49
DFL-MAT-J040GV,48,96,48,48
DFL-MAT-J040GW,47,95,47,48
DFL-MAT-J040GX,47,95,47,48
DFL-MAT-J040GY,48,95,48,47
DFL-MAT-J040GZ,47,96,47,49
DFL-MAT-J040H0,47,96,47,49
DFL-MAT-J040H1,47,98,47,51
DFL-MAT-J040H2,47,98,47,51
DFL-MAT-J040H3,47,96,47,49
DFL-MAT-J040H4,47,97,47,50
DFL-MAT-J040H5,47,94,47,47
DFL-MAT-J040H6,46,96,46,50
DFL-MAT-J040H7,48,97,48,49
DFL-MAT-J040H8,49,99,49,50
DFL-MAT-J040H9,47,99,47,52
DFL-MAT-J040HA,46,95,46,49
DFL-MAT-J040HB,49,97,49,48
DFL-MAT-J040HC,49,95,49,46
DFL-MAT-J040HD,48,97,48,49
DFL-MAT-J040HE,50,95,50,45
DFL-MAT-J040HF,49,97,49,48
DFL-MAT-J040HG,47,98,47,51
DFL-MAT-J040HH,51,92,51,41
DFL-MAT-J040HI,48,96,48,48
DFL-MAT-J040HJ,49,95,49,46
DFL-MAT-J040HK,50,95,50,45
DFL-MAT-J040HL,49,97,49,48
DFL-MAT-J040HM,47,93,47,46
DFL-MAT-J040HN,49,96,49,47
DFL-MAT-J040HO,56,98,56,42
DFL-MAT-J040HP,48,95,48,47
DFL-MAT-J040HQ,47,96,47,49
DFL-MAT-J040HR,48,97,48,49
DFL-MAT-J040HS,49,96,49,47
DFL-MAT-J040HT,46,99,46,53
DFL-MAT-J040HU,48,94,48,46
DFL-MAT-J040HV,50,100,50,50
DFL-MAT-J040HW,48,94,48,46
DFL-MAT-J040HX,49,94,49,45
DFL-MAT-J040HY,54,98,54,44
DFL-MAT-J040HZ,48,95,48,47
DFL-MAT-J040I0,51,96,51,45
DFL-MAT-J040I1,50,94,50,44
DFL-MAT-J040I2,47,93,47,46
DFL-MAT-J040I3,46,94,46,48
DFL-MAT-J040I4,48,97,48,49
DFL-MAT-J040I5,48,95,48,47
DFL-MAT-J040I6,48,97,48,49
DFL-MAT-J040I7,55,97,55,42
DFL-MAT-J040I8,48,99,48,51
DFL-MAT-J040I9,49,95,49,46
DFL-MAT-J040IA,47,97,47,50
DFL-MAT-J040IB,47,96,47,49
DFL-MAT-J040IC,49,96,49,47
DFL-MAT-J040ID,48,95,48,47
DFL-MAT-J040IE,48,98,48,50
DFL-MAT-J040IF,50,97,50,47
DFL-MAT-J040IG,46,98,46,52
DFL-MAT-J040IH,47,96,47,49
DFL-MAT-J040II,49,94,49,45
DFL-MAT-J040IJ,50,94,50,44
DFL-MAT-J040IK,49,97,49,48
DFL-MAT-J040IL,48,95,48,47
DFL-MAT-J040IM,48,98,48,50
DFL-MAT-J040IN,47,99,47,52
DFL-MAT-J040IO,48,96,48,48
DFL-MAT-J040IP,47,96,47,49
DFL-MAT-J040IQ,47,96,47,49
DFL-MAT-J040IR,48,97,48,49
DFL-MAT-J040IS,48,98,48,50
DFL-MAT-J040IT,48,99,48,51
DFL-MAT-J040IU,47,97,47,50
DFL-MAT-J040IV,50,96,50,46
DFL-MAT-J040IW,50,95,50,45
DFL-MAT-J040IX,46,95,46,49
DFL-MAT-J040IY,51,98,51,47
DFL-MAT-J040IZ,49,95,49,46
DFL-MAT-J040J0,51,96,51,45
DFL-MAT-J040J1,47,94,47,47
DFL-MAT-J040J2,47,95,47,48
DFL-MAT-J040J3,47,95,47,48
DFL-MAT-J040J4,49,96,49,47
DFL-MAT-J040J5,53,96,53,43
DFL-MAT-J040J6,49,97,49,48
DFL-MAT-J040J7,47,96,47,49
DFL-MAT-J040J8,49,99,49,50
DFL-MAT-J040J9,48,95,48,47
DFL-MAT-J040JA,46,98,46,52
DFL-MAT-J040JB,49,99,49,50
DFL-MAT-J040JC,46,95,46,49
DFL-MAT-J040JD,51,96,51,45
DFL-MAT-J040JE,51,96,51,45
DFL-MAT-J040JF,50,95,50,45
DFL-MAT-J040JG,48,95,48,47
DFL-MAT-J040JH,47,95,47,48
DFL-MAT-J040JI,49,96,49,47
DFL-MAT-J040JJ,48,95,48,47
DFL-MAT-J040JK,47,95,47,48
DFL-MAT-J040JL,47,98,47,51
DFL-MAT-J040JM,51,94,51,43
DFL-MAT-J040JN,52,90,52,38
DFL-MAT-J040JO,48,97,48,49
DFL-MAT-J040JP,48,95,48,47
DFL-MAT-J040JQ,48,92,48,44
DFL-MAT-J040JR,49,97,49,48
DFL-MAT-J040JS,53,97,53,44
DFL-MAT-J040JT,51,98,51,47
DFL-MAT-J040JU,49,98,49,49
DFL-MAT-J040JV,49,93,49,44
DFL-MAT-J040JW,47,94,47,47
DFL-MAT-J040JX,46,94,46,48
DFL-MAT-J040JY,48,99,48,51
DFL-MAT-J040JZ,47,92,47,45
DFL-MAT-J040K0,47,93,47,46
DFL-MAT-J040K1,48,93,48,45
DFL-MAT-J040K2,48,91,48,43
DFL-MAT-J040K3,49,93,49,44
